"index","ncaa_name","espn_name","primary_color","secondary_color","tertiary_color","color_4","color_5","color_6","logo_url","color_3","conference"
"1","A&M-Corpus Christi","Texas A&M-CC","#0067C5","#007F3E",NA,NA,NA,NA,"https://upload.wikimedia.org/wikipedia/en/thumb/e/eb/Texas_A%26M%E2%80%93Corpus_Christi_Islanders_logo.svg/260px-Texas_A%26M%E2%80%93Corpus_Christi_Islanders_logo.svg.png",NA,"Southland"
"2","Abilene Christian","Abil Christian","#461D7C","#FFFFFF",NA,NA,NA,NA,"https://upload.wikimedia.org/wikipedia/en/thumb/6/6c/Abilene_Christian_Wildcats_logo.svg/320px-Abilene_Christian_Wildcats_logo.svg.png",NA,"WAC"
"3","Air Force","Air Force","#003087","#8A8D8F","#B1B3B3","#FFC72C","#000000",NA,"https://upload.wikimedia.org/wikipedia/commons/d/dc/Air_Force_Falcons_logo.svg",NA,"MWC"
"4","Akron","Akron","#041E42","#A89968",NA,NA,NA,NA,"https://upload.wikimedia.org/wikipedia/commons/thumb/3/3c/Akron_Zips_logo.svg/200px-Akron_Zips_logo.svg.png",NA,"MAC"
"5","Alabama","Alabama","#9E1B32","#828A8F","#FFFFFF",NA,NA,NA,"https://upload.wikimedia.org/wikipedia/commons/thumb/1/1b/Alabama_Crimson_Tide_logo.svg/200px-Alabama_Crimson_Tide_logo.svg.png",NA,"SEC"
"6","Alabama A&M","Alabama A&M","#660000","#FFFFFF",NA,NA,NA,NA,"https://upload.wikimedia.org/wikipedia/commons/thumb/b/b3/Alabama_A%26M_Bulldogs_logo.svg/201px-Alabama_A%26M_Bulldogs_logo.svg.png",NA,"SWAC"
"7","Alabama St.","Alabama State","#C99700","#000000",NA,NA,NA,NA,"https://upload.wikimedia.org/wikipedia/en/thumb/7/7f/Alabama_State_Hornets_logo.svg/320px-Alabama_State_Hornets_logo.svg.png",NA,"SWAC"
"8","UAlbany","Albany","#461660","#EEB211",NA,NA,NA,NA,"https://upload.wikimedia.org/wikipedia/commons/thumb/0/03/Albany_Great_Danes_logo.svg/200px-Albany_Great_Danes_logo.svg.png",NA,"Am. East"
"9","Alcorn","Alcorn State","#46166A","#E9A713",NA,NA,NA,NA,"https://upload.wikimedia.org/wikipedia/en/thumb/8/82/Alcorn_State_athletics_logo.svg/280px-Alcorn_State_athletics_logo.svg.png",NA,"SWAC"
"10","American","American","#C4122E","#005099",NA,NA,NA,NA,"https://upload.wikimedia.org/wikipedia/commons/thumb/f/f3/American_Eagles_logo.svg/240px-American_Eagles_logo.svg.png",NA,"Patriot"
"11","App State","Appalachian St","#222222","#FFCC00",NA,NA,NA,NA,"https://upload.wikimedia.org/wikipedia/commons/thumb/a/a9/Appalachian_State_Mountaineers_logo.svg/200px-Appalachian_State_Mountaineers_logo.svg.png",NA,"Sunbelt"
"12","Arizona","Arizona","#CC0033","#003366",NA,NA,NA,NA,"https://upload.wikimedia.org/wikipedia/commons/thumb/3/34/Arizona_Wildcats_logo.svg/200px-Arizona_Wildcats_logo.svg.png",NA,"Pac 12"
"13","Arizona St.","Arizona State","#8C1D40","#FFC627",NA,NA,NA,NA,"https://upload.wikimedia.org/wikipedia/en/thumb/0/0a/Arizona_State_Sun_Devils_logo.svg/245px-Arizona_State_Sun_Devils_logo.svg.png",NA,"Pac 12"
"14","Ark.-Pine Bluff","AR-Pine Bluff","#000000","#EEB310",NA,NA,NA,NA,"https://upload.wikimedia.org/wikipedia/en/thumb/a/a6/Arkansas%E2%80%93Pine_Bluff_Golden_Lions_logo.svg/290px-Arkansas%E2%80%93Pine_Bluff_Golden_Lions_logo.svg.png",NA,"SWAC"
"15","Arkansas","Arkansas","#9D2235","#FFFFFF",NA,NA,NA,NA,"https://upload.wikimedia.org/wikipedia/commons/thumb/8/81/Arkansas_Razorbacks_logo.svg/200px-Arkansas_Razorbacks_logo.svg.png",NA,"SEC"
"16","Arkansas St.","Arkansas State","#CC092F","#000000",NA,NA,NA,NA,"https://upload.wikimedia.org/wikipedia/commons/thumb/8/8f/Arkansas_State_Red_Wolves_wordmark.svg/200px-Arkansas_State_Red_Wolves_wordmark.svg.png",NA,"Sunbelt"
"17","Army West Point","Army","#D4BF91","#000000","#B2B4B3",NA,NA,NA,"https://upload.wikimedia.org/wikipedia/commons/thumb/0/01/Army_West_Point_logo.svg/206px-Army_West_Point_logo.svg.png",NA,"Patriot"
"18","Auburn","Auburn","#0C2340","#E87722",NA,NA,NA,NA,"https://upload.wikimedia.org/wikipedia/commons/thumb/1/15/Auburn_Tigers_logo.svg/200px-Auburn_Tigers_logo.svg.png",NA,"SEC"
"19","Austin Peay","Austin Peay","#BA0C2F","#000000",NA,NA,NA,NA,"https://upload.wikimedia.org/wikipedia/en/thumb/a/a8/Austin_Peay_Governors_logo.svg/262px-Austin_Peay_Governors_logo.svg.png",NA,"A-Sun"
"20","Ball St.","Ball State","#BA0C2F","#000000",NA,NA,NA,NA,"https://upload.wikimedia.org/wikipedia/en/thumb/e/e4/Ball_State_Cardinals_logo.svg/170px-Ball_State_Cardinals_logo.svg.png",NA,"MAC"
"21","Baylor","Baylor","#003015","#FECB00",NA,NA,NA,NA,"https://upload.wikimedia.org/wikipedia/commons/thumb/b/b0/2018_Baylor_Athletics_Logo.png/208px-2018_Baylor_Athletics_Logo.png",NA,"Big 12"
"22","Bellarmine","Bellarmine","#752936","#4d4d4d",NA,NA,NA,NA,"https://upload.wikimedia.org/wikipedia/en/4/4e/Bellarmine_Knights_logo.svg","#c8c8c8","A-Sun"
"23","Belmont","Belmont","#002469","#C9262D",NA,NA,NA,NA,"https://upload.wikimedia.org/wikipedia/en/thumb/d/d6/Belmont_Bruins_logo.svg/251px-Belmont_Bruins_logo.svg.png",NA,"MVC"
"24","Bethune-Cookman","Bethune-Cookman","#6F263D","#F2A900",NA,NA,NA,NA,"https://upload.wikimedia.org/wikipedia/commons/thumb/e/e8/Bethune%E2%80%93Cookman_Wildcats_logo.svg/230px-Bethune%E2%80%93Cookman_Wildcats_logo.svg.png",NA,"SWAC"
"25","Binghamton","Binghamton","#005A43","#169B62","#BF0D3E","#B1B3B3",NA,NA,"https://upload.wikimedia.org/wikipedia/en/thumb/d/d8/Binghamton_Bearcats_logo.svg/320px-Binghamton_Bearcats_logo.svg.png",NA,"Am. East"
"26","Boise St.","Boise State","#D64309","#0033A0",NA,NA,NA,NA,"https://upload.wikimedia.org/wikipedia/commons/thumb/6/61/Boise_State_%22B%22_logo.svg/150px-Boise_State_%22B%22_logo.svg.png",NA,"MWC"
"27","Boston College","Boston College","#98002E","#BC9B6A",NA,NA,NA,NA,"https://upload.wikimedia.org/wikipedia/en/thumb/9/96/Boston_College_Eagles_logo.svg/264px-Boston_College_Eagles_logo.svg.png",NA,"ACC"
"28","Boston U.","Boston U","#CC0000","#FFFFFF",NA,NA,NA,NA,"https://upload.wikimedia.org/wikipedia/en/thumb/1/15/Boston_University_Terriers_logo.svg/262px-Boston_University_Terriers_logo.svg.png",NA,"Patriot"
"29","Bowling Green","Bowling Green","#FE5000","#4F2C1D","#CDA077","#000000",NA,NA,"https://upload.wikimedia.org/wikipedia/en/thumb/2/2b/Bowling_Green_Falcons_logo.svg/257px-Bowling_Green_Falcons_logo.svg.png",NA,"MAC"
"30","Bradley","Bradley","#A50000","#999999",NA,NA,NA,NA,"https://upload.wikimedia.org/wikipedia/commons/thumb/7/7b/Bradley_Braves_logo.svg/200px-Bradley_Braves_logo.svg.png",NA,"MVC"
"31","Brown","Brown","#4E3629","#FFFFFF","#7C2529","#E4002B","#000000",NA,"https://upload.wikimedia.org/wikipedia/commons/thumb/a/a9/Brown_Bears_Athletics_logo.svg/150px-Brown_Bears_Athletics_logo.svg.png",NA,"Ivy"
"32","Bryant","Bryant","#231F20","#B09863",NA,NA,NA,NA,"https://upload.wikimedia.org/wikipedia/en/thumb/c/ca/Bryant_Bulldogs_logo.svg/296px-Bryant_Bulldogs_logo.svg.png",NA,"Am. East"
"33","Bucknell","Bucknell","#EF5B0C","#003865",NA,NA,NA,NA,"https://upload.wikimedia.org/wikipedia/en/thumb/3/3a/Bucknell_Bison_logo.svg/286px-Bucknell_Bison_logo.svg.png",NA,"Patriot"
"34","Buffalo","Buffalo","#005BBB","#FFFFFF",NA,NA,NA,NA,"https://upload.wikimedia.org/wikipedia/commons/thumb/0/0c/Buffalo_Bulls_logo.svg/320px-Buffalo_Bulls_logo.svg.png",NA,"MAC"
"35","Butler","Butler","#13294B","#747678","#D1E0D7","#000000",NA,NA,"https://upload.wikimedia.org/wikipedia/en/thumb/0/06/Butler_Bulldogs_logo.svg/245px-Butler_Bulldogs_logo.svg.png",NA,"Big East"
"36","BYU","BYU","#002255","#C5AF7D",NA,NA,NA,NA,"https://upload.wikimedia.org/wikipedia/commons/thumb/9/95/BYU_Cougars_logo.svg/320px-BYU_Cougars_logo.svg.png",NA,"WCC"
"37","Cal Poly","Cal Poly","#003831","#FFE395","#B38F4F","#000000",NA,NA,"https://upload.wikimedia.org/wikipedia/commons/thumb/0/0e/Cal_Poly_Mustangs_logo.svg/175px-Cal_Poly_Mustangs_logo.svg.png",NA,"Big West"
"38","Cal St. Fullerton","CSU Fullerton","#00274C","#DC8218",NA,NA,NA,NA,"https://upload.wikimedia.org/wikipedia/commons/thumb/0/0e/Cal_State_Fullerton_Titans_logo.svg/200px-Cal_State_Fullerton_Titans_logo.svg.png",NA,"Big West"
"39","California","Cal","#003262","#FDB515","#3B7EA1","#C4820E",NA,NA,"https://upload.wikimedia.org/wikipedia/commons/thumb/8/8b/California_Golden_Bears_logo.svg/200px-California_Golden_Bears_logo.svg.png",NA,"Pac 12"
"40","California Baptist","Cal Baptist","#002554","#A37400","#AC451E",NA,NA,NA,"https://upload.wikimedia.org/wikipedia/commons/thumb/6/69/California_Baptist_Lancers_wordmark.svg/1200px-California_Baptist_Lancers_wordmark.svg.png",NA,"WAC"
"41","Campbell","Campbell","#E87722","#000000",NA,NA,NA,NA,"https://upload.wikimedia.org/wikipedia/en/thumb/8/84/Campbell_Fighting_Camels_logo.svg/320px-Campbell_Fighting_Camels_logo.svg.png",NA,"Big South"
"42","Canisius","Canisius","#0C2340","#FFBA00",NA,NA,NA,NA,"https://upload.wikimedia.org/wikipedia/en/thumb/d/dd/Canisius_Golden_Griffins.svg/216px-Canisius_Golden_Griffins.svg.png",NA,"MAAC"
"43","Central Ark.","Cent Arkansas","#4F2D7F","#818A8F",NA,NA,NA,NA,"https://upload.wikimedia.org/wikipedia/en/thumb/6/6d/Central_Arkansas_Athletics_logo.svg/293px-Central_Arkansas_Athletics_logo.svg.png",NA,"A-Sun"
"44","Central Conn. St.","Cent Conn St","#1A4784","#FFFFFF",NA,NA,NA,NA,"https://upload.wikimedia.org/wikipedia/en/thumb/9/90/Central_Connecticut_Blue_Devils_logo.svg/264px-Central_Connecticut_Blue_Devils_logo.svg.png",NA,"NEC"
"45","Central Mich.","Cent Michigan","#6A0032","#FFC82E",NA,NA,NA,NA,"https://upload.wikimedia.org/wikipedia/commons/thumb/2/2a/Central_Michigan_Chippewas_logo.svg/200px-Central_Michigan_Chippewas_logo.svg.png",NA,"MAC"
"46","Charleston So.","Charleston So","#002855","#A89968",NA,NA,NA,NA,"https://upload.wikimedia.org/wikipedia/en/thumb/8/86/Charleston_Southern_Buccaneers_logo.svg/273px-Charleston_Southern_Buccaneers_logo.svg.png",NA,"Big South"
"47","Charlotte","Charlotte","#046A38","#B9975B","#27251F",NA,NA,NA,"https://upload.wikimedia.org/wikipedia/commons/3/33/Charlotte_49ers_logo.svg",NA,"C-USA"
"48","Chattanooga","Chattanooga","#00386B","#E0AA0F",NA,NA,NA,NA,"https://upload.wikimedia.org/wikipedia/commons/thumb/5/5d/Chattanooga_Mocs_logo.svg/272px-Chattanooga_Mocs_logo.svg.png",NA,"Southern"
"49","Chicago St.","Chicago State","#006666","#000000",NA,NA,NA,NA,"https://upload.wikimedia.org/wikipedia/en/thumb/b/b2/Chicago_State_Cougars_logo.svg/246px-Chicago_State_Cougars_logo.svg.png",NA,"Independent"
"50","Cincinnati","Cincinnati","#E00122","#000000",NA,NA,NA,NA,"https://upload.wikimedia.org/wikipedia/commons/2/2c/Cincinnati_Bearcats_logo.svg",NA,"AAC"
"51","Clemson","Clemson","#F56600","#522D80",NA,NA,NA,NA,"https://upload.wikimedia.org/wikipedia/commons/thumb/7/72/Clemson_Tigers_logo.svg/251px-Clemson_Tigers_logo.svg.png",NA,"ACC"
"52","Cleveland St.","Cleveland State","#006747","#000000",NA,NA,NA,NA,"https://upload.wikimedia.org/wikipedia/en/thumb/7/70/Cleveland_State_Vikings_logo.svg/311px-Cleveland_State_Vikings_logo.svg.png",NA,"Horizon"
"53","Coastal Carolina","C. Carolina","#006F71","#A27752","#111111",NA,NA,NA,"https://upload.wikimedia.org/wikipedia/en/thumb/e/ef/Coastal_Carolina_Chanticleers_logo.svg/214px-Coastal_Carolina_Chanticleers_logo.svg.png",NA,"Sunbelt"
"54","Col. of Charleston","Charleston","#76232F","#FFFFFF",NA,NA,NA,NA,"https://upload.wikimedia.org/wikipedia/commons/thumb/0/05/College_of_Charleston_Cougars_logo.svg/206px-College_of_Charleston_Cougars_logo.svg.png",NA,"CAA"
"55","Colgate","Colgate","#862633","#C8C7C7",NA,NA,NA,NA,"https://upload.wikimedia.org/wikipedia/commons/thumb/e/ef/Colgate_Raiders_logo.svg/189px-Colgate_Raiders_logo.svg.png",NA,"Patriot"
"56","Colorado","Colorado","#CFB87C","#000000","#565A5C","#A2A4A3","#4B92DB",NA,"https://upload.wikimedia.org/wikipedia/en/thumb/d/d3/Colorado_Buffaloes_logo.svg/320px-Colorado_Buffaloes_logo.svg.png",NA,"Pac 12"
"57","Colorado St.","Colorado State","#1E4D2B","#C8C372",NA,NA,NA,NA,"https://upload.wikimedia.org/wikipedia/en/thumb/1/14/Colorado_State_Rams_logo.svg/240px-Colorado_State_Rams_logo.svg.png",NA,"MWC"
"58","Columbia","Columbia","#9BCBEB","#003865",NA,NA,NA,NA,"https://upload.wikimedia.org/wikipedia/en/thumb/5/5f/Columbia_Lions_logo.svg/206px-Columbia_Lions_logo.svg.png",NA,"Ivy"
"59","Coppin St.","Coppin State","#003056","#FFC915",NA,NA,NA,NA,"https://upload.wikimedia.org/wikipedia/en/thumb/8/85/Coppin_State_Eagles_logo.svg/320px-Coppin_State_Eagles_logo.svg.png",NA,"MEAC"
"60","Cornell","Cornell","#B31B1B","#5E3920","#89572E","#000000",NA,NA,"https://upload.wikimedia.org/wikipedia/en/thumb/9/9b/Cornell_Big_Red_logo.svg/231px-Cornell_Big_Red_logo.svg.png",NA,"Ivy"
"61","Creighton","Creighton","#005CA9","#00235D","#6CADDE","#828282","#C8C8C8","#8A8D8F","https://upload.wikimedia.org/wikipedia/en/thumb/6/6f/Creighton_Bluejays_logo.svg/238px-Creighton_Bluejays_logo.svg.png",NA,"Big East"
"62","CSU Bakersfield","CSU Bakersfield","#005DAA","#FFD200",NA,NA,NA,NA,"https://upload.wikimedia.org/wikipedia/en/thumb/c/cc/Cal_State_Bakersfield_Roadrunners_logo.svg/320px-Cal_State_Bakersfield_Roadrunners_logo.svg.png",NA,"Big West"
"63","CSUN","CSU Northridge","#CE1126","#D1CEC6","#000000",NA,NA,NA,"https://upload.wikimedia.org/wikipedia/en/thumb/5/51/CSUN_Matadors_logo.svg/188px-CSUN_Matadors_logo.svg.png",NA,"Big West"
"64","Dartmouth","Dartmouth","#046A38","#000000",NA,NA,NA,NA,"https://upload.wikimedia.org/wikipedia/commons/thumb/a/af/Dartmouth_College_Big_Green_logo.svg/189px-Dartmouth_College_Big_Green_logo.svg.png",NA,"Ivy"
"65","Davidson","Davidson","#AC1A2F","#000000",NA,NA,NA,NA,"https://upload.wikimedia.org/wikipedia/en/thumb/5/59/Davidson_Wildcats_logo.svg/240px-Davidson_Wildcats_logo.svg.png",NA,"A-10"
"66","Dayton","Dayton","#CE1141","#004B8D","#F80228","#0200D1",NA,NA,"https://upload.wikimedia.org/wikipedia/commons/thumb/d/d0/Dayton_Flyers_logo.svg/320px-Dayton_Flyers_logo.svg.png",NA,"A-10"
"67","Delaware","Delaware","#00539F","#FFD200",NA,NA,NA,NA,"https://upload.wikimedia.org/wikipedia/en/thumb/1/13/Delaware_Fightin%27_Blue_Hens_logo.svg/320px-Delaware_Fightin%27_Blue_Hens_logo.svg.png",NA,"CAA"
"68","Delaware St.","Delaware State","#EE3124","#0099CC",NA,NA,NA,NA,"https://upload.wikimedia.org/wikipedia/en/thumb/d/db/Delaware_State_Hornets_logo.svg/316px-Delaware_State_Hornets_logo.svg.png",NA,"MEAC"
"69","Denver","Denver","#8B2332","#8B6F4B",NA,NA,NA,NA,"https://a.espncdn.com/combiner/i?img=/i/teamlogos/ncaa/500/2172.png",NA,"Summit"
"70","DePaul","DePaul","#005EB8","#E4002B",NA,NA,NA,NA,"https://upload.wikimedia.org/wikipedia/en/thumb/7/79/DePaul_Blue_Demons_logo.svg/150px-DePaul_Blue_Demons_logo.svg.png",NA,"Big East"
"71","Detroit Mercy","Detroit Mercy","#A6093D","#002D72","#D7D2CB",NA,NA,NA,"https://upload.wikimedia.org/wikipedia/en/thumb/a/a6/Detroit_Titans_logo.svg/320px-Detroit_Titans_logo.svg.png",NA,"Horizon"
"72","Utah Tech","Dixie State","#BA1C21","#ADA1A2","#NA",NA,NA,NA,"https://upload.wikimedia.org/wikipedia/en/thumb/e/ec/Utah_Tech_Trailblazers_logo_2022.svg/200px-Utah_Tech_Trailblazers_logo_2022.svg.png","881518","WAC"
"73","Drake","Drake","#004477","#999999",NA,NA,NA,NA,"https://upload.wikimedia.org/wikipedia/commons/thumb/c/c7/Drake_Bulldogs_%22D%22_logo.svg/261px-Drake_Bulldogs_%22D%22_logo.svg.png",NA,"MVC"
"74","Drexel","Drexel","#07294D","#FFC600",NA,NA,NA,NA,"https://upload.wikimedia.org/wikipedia/en/thumb/1/16/Drexel_Dragons_logo.svg/308px-Drexel_Dragons_logo.svg.png",NA,"CAA"
"75","Duke","Duke","#001A57","#FFFFFF","#003366","#0736A4","#235F9C",NA,"https://upload.wikimedia.org/wikipedia/commons/thumb/e/e1/Duke_Athletics_logo.svg/200px-Duke_Athletics_logo.svg.png",NA,"ACC"
"76","Duquesne","Duquesne","#041E42","#BA0C2F","#000000",NA,NA,NA,"https://upload.wikimedia.org/wikipedia/commons/thumb/8/84/Duquesne_Dukes.svg/115px-Duquesne_Dukes.svg.png",NA,"A-10"
"77","East Carolina","ECU","#592A8A","#FDC82F",NA,NA,NA,NA,"https://upload.wikimedia.org/wikipedia/en/thumb/c/c7/East_Carolina_Pirates_logo.svg/226px-East_Carolina_Pirates_logo.svg.png",NA,"AAC"
"78","Eastern Ill.","E Illinois","#003399","#B2B2B2",NA,NA,NA,NA,"https://upload.wikimedia.org/wikipedia/en/thumb/8/86/Eastern_Illinois_Panthers_logo.svg/280px-Eastern_Illinois_Panthers_logo.svg.png",NA,"OVC"
"79","Eastern Ky.","E Kentucky","#4C151E","#FFFFFF",NA,NA,NA,NA,"https://upload.wikimedia.org/wikipedia/commons/thumb/b/b1/Eastern_Kentucky_Colonels_logo.svg/320px-Eastern_Kentucky_Colonels_logo.svg.png",NA,"A-Sun"
"80","Eastern Mich.","E Michigan","#006633","#000000",NA,NA,NA,NA,"https://upload.wikimedia.org/wikipedia/commons/thumb/c/c1/Eastern_Michigan_Eagles_logo.svg/211px-Eastern_Michigan_Eagles_logo.svg.png",NA,"MAC"
"81","Eastern Wash.","E Washington","#A10022","#FFFFFF","#6D6E71",NA,NA,NA,"https://upload.wikimedia.org/wikipedia/en/thumb/8/80/Eastern_Washington_Eagles_logo.svg/257px-Eastern_Washington_Eagles_logo.svg.png",NA,"Big Sky"
"82","Elon","Elon","#73000A","#B59A57",NA,NA,NA,NA,"https://upload.wikimedia.org/wikipedia/en/thumb/3/3c/Elon_Phoenix_logo.svg/310px-Elon_Phoenix_logo.svg.png",NA,"CAA"
"83","ETSU","ETSU","#041E42","#FFC72C",NA,NA,NA,NA,"https://upload.wikimedia.org/wikipedia/commons/thumb/a/ab/East_Tennessee_State_Buccaneers_logo.svg/241px-East_Tennessee_State_Buccaneers_logo.svg.png",NA,"Southern"
"84","Evansville","Evansville","#52237F","#F36F21",NA,NA,NA,NA,"https://upload.wikimedia.org/wikipedia/commons/thumb/4/44/Evansville_Purple_Aces_logo.svg/320px-Evansville_Purple_Aces_logo.svg.png",NA,"MVC"
"85","Fairfield","Fairfield","#C8102E","#A2AAAD","#000000",NA,NA,NA,"https://upload.wikimedia.org/wikipedia/commons/thumb/0/0f/Fairfield_Stags_logo.svg/272px-Fairfield_Stags_logo.svg.png",NA,"MAAC"
"86","Fairleigh Dickinson","Fair Dickinson","#A32638","#003F87",NA,NA,NA,NA,"https://upload.wikimedia.org/wikipedia/commons/thumb/5/54/FDU_Knights_Logo.png/175px-FDU_Knights_Logo.png",NA,"NEC"
"87","FGCU","FGCU","#002D72","#007749","#B9975B",NA,NA,NA,"https://upload.wikimedia.org/wikipedia/en/thumb/9/95/Florida_Gulf_Coast_Eagles_logo.svg/320px-Florida_Gulf_Coast_Eagles_logo.svg.png",NA,"A-Sun"
"88","FIU","FIU","#081E3F","#B6862C",NA,NA,NA,NA,"https://upload.wikimedia.org/wikipedia/en/thumb/1/1d/FIU_Panthers_logo.svg/185px-FIU_Panthers_logo.svg.png",NA,"C-USA"
"89","Fla. Atlantic","FAU","#003366","#CC0000","#8A8D8F","#CCCCCC",NA,NA,"https://upload.wikimedia.org/wikipedia/en/thumb/4/40/Florida_Atlantic_Owls_logo.svg/320px-Florida_Atlantic_Owls_logo.svg.png",NA,"C-USA"
"90","Florida","Florida","#0021A5","#FA4616",NA,NA,NA,NA,"https://upload.wikimedia.org/wikipedia/en/thumb/1/14/Florida_Gators_gator_logo.svg/320px-Florida_Gators_gator_logo.svg.png",NA,"SEC"
"91","Florida A&M","Florida A&M","#F4811F","#008344",NA,NA,NA,NA,"https://upload.wikimedia.org/wikipedia/commons/7/78/FAMU_Rattler.png",NA,"SWAC"
"92","Florida St.","Florida State","#782F40","#CEB888","#FFFFFF","#000000",NA,NA,"https://upload.wikimedia.org/wikipedia/en/thumb/d/d5/Florida_State_Seminoles_logo.svg/235px-Florida_State_Seminoles_logo.svg.png",NA,"ACC"
"93","Fordham","Fordham","#860038","#FFFFFF",NA,NA,NA,NA,"https://upload.wikimedia.org/wikipedia/en/thumb/b/bb/Fordham_Rams_logo.svg/268px-Fordham_Rams_logo.svg.png",NA,"A-10"
"94","Fresno St.","Fresno State","#DB0032","#002E6D","#007934",NA,NA,NA,"https://upload.wikimedia.org/wikipedia/en/thumb/7/7c/Fresno_State_Bulldogs_logo.svg/320px-Fresno_State_Bulldogs_logo.svg.png",NA,"MWC"
"95","Furman","Furman","#582C83","#FFFFFF",NA,NA,NA,NA,"https://upload.wikimedia.org/wikipedia/commons/thumb/a/aa/Furman_Paladins_logo.svg/245px-Furman_Paladins_logo.svg.png",NA,"Southern"
"96","Ga. Southern","Ga Southern","#011E41","#A3AAAE","#87714D",NA,NA,NA,"https://upload.wikimedia.org/wikipedia/en/thumb/2/2a/Georgia_Southern_Eagles_logo.svg/320px-Georgia_Southern_Eagles_logo.svg.png",NA,"Sunbelt"
"97","Gardner-Webb","Gardner-Webb","#A6192E","#000000",NA,NA,NA,NA,"https://upload.wikimedia.org/wikipedia/en/thumb/c/ce/Gardner-Webb_Runnin%27_Bulldogs_logo.svg/320px-Gardner-Webb_Runnin%27_Bulldogs_logo.svg.png",NA,"Big South"
"98","George Mason","George Mason","#006633","#FFCC33","#000000",NA,NA,NA,"https://upload.wikimedia.org/wikipedia/en/thumb/f/f8/George_Mason_Patriots_logo.svg/287px-George_Mason_Patriots_logo.svg.png",NA,"A-10"
"99","George Washington","G Washington","#E2CB92","#002654",NA,NA,NA,NA,"https://upload.wikimedia.org/wikipedia/commons/thumb/a/aa/George_Washington_Colonials_logo.svg/320px-George_Washington_Colonials_logo.svg.png",NA,"A-10"
"100","Georgetown","Georgetown","#041E42","#8D817B",NA,NA,NA,NA,"https://upload.wikimedia.org/wikipedia/commons/thumb/9/9f/Georgetown_Hoyas_logo.svg/239px-Georgetown_Hoyas_logo.svg.png",NA,"Big East"
"101","Georgia","Georgia","#BA0C2F","#000000","#FFFFFF",NA,NA,NA,"https://upload.wikimedia.org/wikipedia/commons/thumb/8/80/Georgia_Athletics_logo.svg/320px-Georgia_Athletics_logo.svg.png",NA,"SEC"
"102","Georgia St.","Georgia State","#0039A6","#C60C30","#000000",NA,NA,NA,"https://upload.wikimedia.org/wikipedia/en/thumb/3/3b/Georgia_State_Athletics_logo.svg/292px-Georgia_State_Athletics_logo.svg.png",NA,"Sunbelt"
"103","Georgia Tech","Georgia Tech","#B3A369","#003057","#A28D5B",NA,NA,NA,"https://upload.wikimedia.org/wikipedia/commons/thumb/b/bf/Georgia_Tech_Yellow_Jackets_logo.svg/320px-Georgia_Tech_Yellow_Jackets_logo.svg.png",NA,"ACC"
"104","Gonzaga","Gonzaga","#041E42","#C8102E","#C1C6C8",NA,NA,NA,"https://upload.wikimedia.org/wikipedia/en/thumb/b/bd/Gonzaga_Bulldogs_logo.svg/301px-Gonzaga_Bulldogs_logo.svg.png",NA,"WCC"
"105","Grambling","Grambling","#000000","#ECAA00",NA,NA,NA,NA,"https://upload.wikimedia.org/wikipedia/commons/thumb/1/1b/Grambling_State_Tigers_logo.svg/320px-Grambling_State_Tigers_logo.svg.png",NA,"SWAC"
"106","Grand Canyon","Grand Canyon","#522398","#000000",NA,NA,NA,NA,"https://upload.wikimedia.org/wikipedia/commons/thumb/c/cf/Grand_Canyon_Antelopes_logo.svg/320px-Grand_Canyon_Antelopes_logo.svg.png",NA,"WAC"
"107","Green Bay","Green Bay","#006747","#9D2235","#8A8D8F",NA,NA,NA,"https://upload.wikimedia.org/wikipedia/commons/thumb/1/17/Green_Bay_Phoenix_logo.svg/308px-Green_Bay_Phoenix_logo.svg.png",NA,"Horizon"
"108","Hampton","Hampton","#265198","#FFFFFF",NA,NA,NA,NA,"https://upload.wikimedia.org/wikipedia/en/thumb/e/e3/Hampton_Pirates_logo.svg/218px-Hampton_Pirates_logo.svg.png",NA,"CAA"
"109","Hartford","Hartford","#C02427","#0F0708",NA,NA,NA,NA,"https://upload.wikimedia.org/wikipedia/en/thumb/8/86/Hartford_Hawks_logo.svg/259px-Hartford_Hawks_logo.svg.png",NA,"Independent"
"110","Harvard","Harvard","#A41034","#000000","#808285","#B6B6B6",NA,NA,"https://upload.wikimedia.org/wikipedia/commons/thumb/7/76/Harvard_Crimson_logo.svg/203px-Harvard_Crimson_logo.svg.png",NA,"Ivy"
"111","Hawaii","Hawai'i","#024731","#C8C8C8","#000000",NA,NA,NA,"https://upload.wikimedia.org/wikipedia/commons/thumb/d/de/Hawaii_Warriors_logo.svg/318px-Hawaii_Warriors_logo.svg.png",NA,"Big West"
"112","High Point","High Point","#330072","#FFFFFF",NA,NA,NA,NA,"https://upload.wikimedia.org/wikipedia/commons/thumb/2/2c/High_Point_Panthers_logo.svg/320px-High_Point_Panthers_logo.svg.png",NA,"Big South"
"113","Hofstra","Hofstra","#FDC82F","#003591",NA,NA,NA,NA,"https://upload.wikimedia.org/wikipedia/en/thumb/1/12/Hofstra_Pride_logo.svg/320px-Hofstra_Pride_logo.svg.png",NA,"CAA"
"114","Holy Cross","Holy Cross","#602D89","#FFFFFF",NA,NA,NA,NA,"https://upload.wikimedia.org/wikipedia/commons/thumb/f/f5/Holy_Cross_Crusaders_logo.svg/204px-Holy_Cross_Crusaders_logo.svg.png",NA,"Patriot"
"115","Houston","Houston","#C8102E","#76232F","#B2B4B2",NA,NA,NA,"https://upload.wikimedia.org/wikipedia/commons/thumb/e/e8/Houston_Cougars_primary_logo.svg/252px-Houston_Cougars_primary_logo.svg.png",NA,"AAC"
"116","Houston Christian","Houston Baptist","#00529C","#F85512",NA,NA,NA,NA,"https://upload.wikimedia.org/wikipedia/en/thumb/b/b8/Houston_Baptist_Huskies_logo.svg/227px-Houston_Baptist_Huskies_logo.svg.png",NA,"Southland"
"117","Howard","Howard","#003A63","#FFFFFF",NA,NA,NA,NA,"https://upload.wikimedia.org/wikipedia/en/thumb/b/b4/Howard_Bison_logo.svg/186px-Howard_Bison_logo.svg.png",NA,"MEAC"
"118","Idaho","Idaho","#EAAB00","#86754D","#808080","#000000",NA,NA,"https://upload.wikimedia.org/wikipedia/commons/thumb/0/03/Idaho_Vandals_logo.svg/216px-Idaho_Vandals_logo.svg.png",NA,"Big Sky"
"119","Idaho St.","Idaho State","#000000","#F9A81A",NA,NA,NA,NA,"https://upload.wikimedia.org/wikipedia/en/thumb/6/63/Idaho_State_Bengals_logo.svg/254px-Idaho_State_Bengals_logo.svg.png",NA,"Big Sky"
"120","Illinois","Illinois","#13294B","#E84A27",NA,NA,NA,NA,"https://upload.wikimedia.org/wikipedia/commons/thumb/9/91/Illinois_Fighting_Illini_logo.svg/166px-Illinois_Fighting_Illini_logo.svg.png",NA,"Big 10"
"121","Illinois St.","Illinois State","#CE1126","#F9DD16","#000000",NA,NA,NA,"https://upload.wikimedia.org/wikipedia/en/thumb/f/f8/Illinois_State_Athletics_logo.svg/320px-Illinois_State_Athletics_logo.svg.png",NA,"MVC"
"122","Indiana","Indiana","#990000","#EEEDEB",NA,NA,NA,NA,"https://upload.wikimedia.org/wikipedia/commons/thumb/4/47/Indiana_Hoosiers_logo.svg/190px-Indiana_Hoosiers_logo.svg.png",NA,"Big 10"
"123","Indiana St.","Indiana State","#0142BC","#FFFFFF",NA,NA,NA,NA,"https://upload.wikimedia.org/wikipedia/commons/thumb/7/7f/Indiana_State_Sycamores_logo.svg/250px-Indiana_State_Sycamores_logo.svg.png",NA,"MVC"
"124","Iona","Iona","#6F2C3F","#F2A900",NA,NA,NA,NA,"https://upload.wikimedia.org/wikipedia/commons/thumb/a/a2/Iona_College_Athletics_Primary_Logo.png/315px-Iona_College_Athletics_Primary_Logo.png",NA,"MAAC"
"125","Iowa","Iowa","#FFCD00","#000000",NA,NA,NA,NA,"https://upload.wikimedia.org/wikipedia/en/thumb/7/7b/Iowa_Hawkeyes_logo.svg/320px-Iowa_Hawkeyes_logo.svg.png",NA,"Big 10"
"126","Iowa St.","Iowa State","#C8102E","#F1BE48",NA,NA,NA,NA,"https://upload.wikimedia.org/wikipedia/commons/thumb/f/f9/Iowa_State_Cyclones_logo.svg/320px-Iowa_State_Cyclones_logo.svg.png",NA,"Big 12"
"127","IUPUI","IUPUI","#9D2235","#DFD1A7","#000000",NA,NA,NA,"https://upload.wikimedia.org/wikipedia/en/thumb/f/fb/IUPUI_Jaguars_logo.svg/300px-IUPUI_Jaguars_logo.svg.png",NA,"Horizon"
"128","Jackson St.","Jackson State","#002147","#FFFFFF",NA,NA,NA,NA,"https://upload.wikimedia.org/wikipedia/commons/thumb/3/3c/Jackson_State_athletics_logo.svg/320px-Jackson_State_athletics_logo.svg.png",NA,"SWAC"
"129","Jacksonville","Jacksonville","#084E44","#FFFFFF",NA,NA,NA,NA,"https://upload.wikimedia.org/wikipedia/commons/thumb/e/e3/Jacksonville_Dolphins_logo_2018.svg/320px-Jacksonville_Dolphins_logo_2018.svg.png",NA,"A-Sun"
"130","Jacksonville St.","Jacksonville St","#004E44","#898A8D","#BBBBBB","#000000",NA,NA,"https://upload.wikimedia.org/wikipedia/en/thumb/2/20/Jacksonville_State_Gamecocks_logo.svg/320px-Jacksonville_State_Gamecocks_logo.svg.png",NA,"A-Sun"
"131","James Madison","JMU","#450084","#CBB677",NA,NA,NA,NA,"https://upload.wikimedia.org/wikipedia/commons/thumb/6/6d/James_Madison_University_Athletics_logo.svg/320px-James_Madison_University_Athletics_logo.svg.png",NA,"Sunbelt"
"132","Kansas","Kansas","#0051BA","#E8000D","#FFC82D","#85898A",NA,NA,"https://upload.wikimedia.org/wikipedia/commons/thumb/9/90/Kansas_Jayhawks_1946_logo.svg/1920px-Kansas_Jayhawks_1946_logo.svg.png",NA,"Big 12"
"133","Kansas City","UMKC","#005293","#FECB00","#000000","#DCDDDE",NA,NA,"https://upload.wikimedia.org/wikipedia/en/thumb/7/75/Kansas_City_Roos_logo.svg/254px-Kansas_City_Roos_logo.svg.png",NA,"Summit"
"134","Kansas St.","Kansas State","#512888","#D1D1D1","#A7A7A7","#FFFFFF","#000000",NA,"https://upload.wikimedia.org/wikipedia/en/thumb/e/e5/Kansas_State_Wildcats_logo.svg/320px-Kansas_State_Wildcats_logo.svg.png",NA,"Big 12"
"135","Kennesaw St.","Kennesaw State","#FDBB30","#0B1315","#C5C6C8",NA,NA,NA,"https://upload.wikimedia.org/wikipedia/commons/thumb/6/63/Kennesaw_State_Owls_logo.svg/254px-Kennesaw_State_Owls_logo.svg.png",NA,"A-Sun"
"136","Kent St.","Kent State","#002664","#EAAB00",NA,NA,NA,NA,"https://upload.wikimedia.org/wikipedia/en/thumb/a/a6/Kent_State_athletic_logo.svg/320px-Kent_State_athletic_logo.svg.png",NA,"MAC"
"137","Kentucky","Kentucky","#0033A0","#FFFFFF","#000000",NA,NA,NA,"https://upload.wikimedia.org/wikipedia/commons/thumb/b/b6/Kentucky_Wildcats_logo.svg/293px-Kentucky_Wildcats_logo.svg.png",NA,"SEC"
"138","La Salle","La Salle","#FFCC00","#003366",NA,NA,NA,NA,"https://upload.wikimedia.org/wikipedia/commons/b/bf/La_Salle_Explorers_wordmark.png",NA,"A-10"
"139","Lafayette","Lafayette","#910029","#A8996E",NA,NA,NA,NA,"https://upload.wikimedia.org/wikipedia/en/thumb/8/8f/Lafayette_Leopards_logo.svg/320px-Lafayette_Leopards_logo.svg.png",NA,"Patriot"
"140","Lamar University","Lamar","#E31937","#000000",NA,NA,NA,NA,"https://upload.wikimedia.org/wikipedia/en/thumb/7/7a/Lamar_Cardinals_logo.svg/320px-Lamar_Cardinals_logo.svg.png",NA,"Southland"
"141","Lehigh","Lehigh","#4B2913","#FFFFFF",NA,NA,NA,NA,"https://upload.wikimedia.org/wikipedia/en/thumb/6/65/LehighMountainHawks.svg/245px-LehighMountainHawks.svg.png",NA,"Patriot"
"142","Liberty","Liberty","#990000","#0A254E",NA,NA,NA,NA,"https://upload.wikimedia.org/wikipedia/en/thumb/8/80/Liberty_Flames_logo.svg/266px-Liberty_Flames_logo.svg.png",NA,"A-Sun"
"143","Lipscomb","Lipscomb","#331E54","#F4AA00","#000000",NA,NA,NA,"https://upload.wikimedia.org/wikipedia/commons/1/1c/Lipscomb_L.png",NA,"A-Sun"
"144","Little Rock","Little Rock","#6E2639","#A7A9AC",NA,NA,NA,NA,"https://upload.wikimedia.org/wikipedia/en/thumb/d/d0/Little_Rock_Trojans_logo.svg/320px-Little_Rock_Trojans_logo.svg.png",NA,"OVC"
"145","LIU","LIU Brooklyn","#231F20","#8A8D8F",NA,NA,NA,NA,"https://upload.wikimedia.org/wikipedia/en/thumb/3/3b/LIU_Brooklyn_Blackbirds_logo.svg/320px-LIU_Brooklyn_Blackbirds_logo.svg.png",NA,"NEC"
"146","LMU (CA)","Loyola Mary","#B62B3A","#00447C","#617080","#231F20",NA,NA,"https://upload.wikimedia.org/wikipedia/commons/thumb/6/62/LMU_Lions_logo.svg/320px-LMU_Lions_logo.svg.png",NA,"WCC"
"147","Long Beach St.","Long Beach St","#FFC72A","#000000",NA,NA,NA,NA,"https://upload.wikimedia.org/wikipedia/commons/thumb/2/29/Long_Beach_State_Athletics_logo.svg/197px-Long_Beach_State_Athletics_logo.svg.png",NA,"Big West"
"148","Longwood","Longwood","#041E42","#FFFFFF",NA,NA,NA,NA,"https://upload.wikimedia.org/wikipedia/en/thumb/5/5f/Longwood_Lancers_logo.svg/320px-Longwood_Lancers_logo.svg.png",NA,"Big South"
"149","Louisiana","Louisiana","#CE181E","#0A0203","#C1C5C9","#F18C21",NA,NA,"https://upload.wikimedia.org/wikipedia/en/thumb/0/06/Ragin_Cajuns_logo.svg/320px-Ragin_Cajuns_logo.svg.png",NA,"Sunbelt"
"150","Louisiana Tech","LA Tech","#E31B23","#A2AAAD","#111111",NA,NA,NA,"https://upload.wikimedia.org/wikipedia/en/thumb/8/86/Louisiana_Tech_Athletics_logo.svg/320px-Louisiana_Tech_Athletics_logo.svg.png",NA,"C-USA"
"151","Louisville","Louisville","#AD0000","#000000","#FDB913","#CCCCCC",NA,NA,"https://upload.wikimedia.org/wikipedia/en/thumb/5/59/Louisville_Cardinals_logo.svg/218px-Louisville_Cardinals_logo.svg.png",NA,"ACC"
"152","Loyola Chicago","Loyola-Chicago","#922247","#FEBD18",NA,NA,NA,NA,"https://upload.wikimedia.org/wikipedia/en/thumb/6/69/Loyola_Ramblers_logo.svg/301px-Loyola_Ramblers_logo.svg.png",NA,"A-10"
"153","Loyola Maryland","Loyola (MD)","#00694E","#CACAC8",NA,NA,NA,NA,"https://upload.wikimedia.org/wikipedia/commons/thumb/4/4a/Loyola_Greyhounds_logo.svg/186px-Loyola_Greyhounds_logo.svg.png",NA,"Patriot"
"154","LSU","LSU","#461D7C","#FDD023",NA,NA,NA,NA,"https://upload.wikimedia.org/wikipedia/commons/thumb/4/4a/LSU_Athletics_logo.svg/220px-LSU_Athletics_logo.svg.png",NA,"SEC"
"155","Maine","Maine","#003263","#B0D7FF","#AB0634","#908C89","#000000",NA,"https://upload.wikimedia.org/wikipedia/en/thumb/d/d3/Maine_Black_Bears_logo.svg/313px-Maine_Black_Bears_logo.svg.png",NA,"Am. East"
"156","Manhattan","Manhattan","#00703C","#FFFFFF",NA,NA,NA,NA,"https://upload.wikimedia.org/wikipedia/commons/thumb/0/06/Manhattan_Jaspers_logo.svg/287px-Manhattan_Jaspers_logo.svg.png",NA,"MAAC"
"157","Marist","Marist","#C8102E","#B2B2B2","#000000",NA,NA,NA,"https://upload.wikimedia.org/wikipedia/en/thumb/5/5b/Marist_Red_Foxes_logo.svg/320px-Marist_Red_Foxes_logo.svg.png",NA,"MAAC"
"158","Marquette","Marquette","#003366","#FFCC00",NA,NA,NA,NA,"https://upload.wikimedia.org/wikipedia/commons/thumb/e/e8/Marquette_Golden_Eagles_logo.svg/320px-Marquette_Golden_Eagles_logo.svg.png",NA,"Big East"
"159","Marshall","Marshall","#00B140","#A2AAAD","#693F23","#AD7C59","#27251F",NA,"https://upload.wikimedia.org/wikipedia/commons/thumb/4/4f/Marshall_Thundering_Herd_logo.svg/320px-Marshall_Thundering_Herd_logo.svg.png",NA,"MVC"
"160","Maryland","Maryland","#E03A3E","#FFD520","#FFFFFF","#000000",NA,NA,"https://upload.wikimedia.org/wikipedia/commons/thumb/a/a6/Maryland_Terrapins_logo.svg/219px-Maryland_Terrapins_logo.svg.png",NA,"Big 10"
"161","Massachusetts","UMass","#971B2F","#572932","#B1B3B3","#000000",NA,NA,"https://upload.wikimedia.org/wikipedia/commons/thumb/0/06/UMass_Amherst_Athletics_logo.svg/294px-UMass_Amherst_Athletics_logo.svg.png",NA,"A-10"
"162","McNeese","Mcneese","#00529B","#FFD204",NA,NA,NA,NA,"https://upload.wikimedia.org/wikipedia/en/thumb/f/f7/McNeese_State_Athletics_logo.svg/224px-McNeese_State_Athletics_logo.svg.png",NA,"Southland"
"163","Memphis","Memphis","#003087","#898D8D",NA,NA,NA,NA,"https://a.espncdn.com/combiner/i?img=/i/teamlogos/ncaa/500/235.png&h=200&w=200",NA,"AAC"
"164","Mercer","Mercer","#CB5307","#000000",NA,NA,NA,NA,"https://upload.wikimedia.org/wikipedia/en/thumb/f/fa/Mercer_Bears_logo.svg/312px-Mercer_Bears_logo.svg.png",NA,"Southern"
"165","Merrimack","Merrimack","#003768","#ffde00","#8c8a88",NA,NA,NA,"https://upload.wikimedia.org/wikipedia/commons/thumb/e/ef/Merrimack_Warriors.svg/309px-Merrimack_Warriors.svg.png",NA,"NEC"
"166","Miami (FL)","Miami","#F47321","#005030","#FFFFFF",NA,NA,NA,"https://upload.wikimedia.org/wikipedia/commons/thumb/e/e9/Miami_Hurricanes_logo.svg/320px-Miami_Hurricanes_logo.svg.png",NA,"ACC"
"167","Miami (OH)","Miami (OH)","#B61E2E","#000000",NA,NA,NA,NA,"https://upload.wikimedia.org/wikipedia/commons/thumb/b/b4/Miami_Redhawks_logo.svg/317px-Miami_Redhawks_logo.svg.png",NA,"MAC"
"168","Michigan","Michigan","#00274C","#FFCB05",NA,NA,NA,NA,"https://upload.wikimedia.org/wikipedia/commons/thumb/f/fb/Michigan_Wolverines_logo.svg/320px-Michigan_Wolverines_logo.svg.png",NA,"Big 10"
"169","Michigan St.","Michigan State","#18453B","#FFFFFF",NA,NA,NA,NA,"https://upload.wikimedia.org/wikipedia/en/thumb/a/a7/Michigan_State_Athletics_logo.svg/208px-Michigan_State_Athletics_logo.svg.png",NA,"Big 10"
"170","Middle Tenn.","Mid Tennessee","#0066CC","#69B3E7",NA,NA,NA,NA,"https://upload.wikimedia.org/wikipedia/commons/e/ea/Middle_Tennessee_MT_Logomark.svg",NA,"C-USA"
"171","Milwaukee","Milwaukee","#FFBD00","#CCCCCC",NA,NA,NA,NA,"https://upload.wikimedia.org/wikipedia/commons/3/36/Milwaukee_Panthers_letter_logo.svg",NA,"Horizon"
"172","Minnesota","Minnesota","#7A0019","#FFCC33",NA,NA,NA,NA,"https://upload.wikimedia.org/wikipedia/commons/thumb/f/f9/Minnesota_Golden_Gophers_logo.svg/320px-Minnesota_Golden_Gophers_logo.svg.png",NA,"Big 10"
"173","Mississippi St.","Miss St","#660000","#FFFFFF","#CCCCCC","#75787B",NA,NA,"https://upload.wikimedia.org/wikipedia/commons/thumb/3/36/Mississippi_State_Bulldogs_logo.svg/320px-Mississippi_State_Bulldogs_logo.svg.png",NA,"SEC"
"174","Mississippi Val.","Miss Valley St","#046A38","#FFFFFF",NA,NA,NA,NA,"https://i.imgur.com/TOQFibH.jpg",NA,"SWAC"
"175","Missouri","Missouri","#000000","#F1B82D",NA,NA,NA,NA,"https://upload.wikimedia.org/wikipedia/en/thumb/2/2c/Missouri_Tigers_logo.svg/320px-Missouri_Tigers_logo.svg.png",NA,"SEC"
"176","Missouri St.","Missouri State","#5E0009","#000000",NA,NA,NA,NA,"https://upload.wikimedia.org/wikipedia/en/thumb/4/4e/Missouri_State_Athletics_logo.svg/274px-Missouri_State_Athletics_logo.svg.png",NA,"MVC"
"177","Monmouth","Monmouth","#041E42","#53565A",NA,NA,NA,NA,"https://upload.wikimedia.org/wikipedia/en/thumb/1/18/Monmouth_Hawks.svg/309px-Monmouth_Hawks.svg.png",NA,"CAA"
"178","Montana","Montana","#999999","#999999",NA,NA,NA,NA,"https://upload.wikimedia.org/wikipedia/commons/thumb/3/3b/Montana_Griz_logo.svg/320px-Montana_Griz_logo.svg.png",NA,"Big Sky"
"179","Montana St.","Montana State","#B9975B","#B9975B",NA,NA,NA,NA,"https://upload.wikimedia.org/wikipedia/en/thumb/2/2f/Montana_State_Bobcats_logo.svg/320px-Montana_State_Bobcats_logo.svg.png",NA,"Big Sky"
"180","Morehead St.","Morehead State","#005EB8","#FFCF00",NA,NA,NA,NA,"https://upload.wikimedia.org/wikipedia/en/thumb/1/12/Morehead_State_Eagles_logo.svg/243px-Morehead_State_Eagles_logo.svg.png",NA,"OVC"
"181","Morgan St.","Morgan State","#002D74","#FF4E00",NA,NA,NA,NA,"https://upload.wikimedia.org/wikipedia/en/thumb/8/8f/Morgan_State_Bears_logo.svg/320px-Morgan_State_Bears_logo.svg.png",NA,"MEAC"
"182","Mount St. Mary's","Mt St Mary's","#002F6C","#FFFFFF",NA,NA,NA,NA,"https://upload.wikimedia.org/wikipedia/en/thumb/7/7b/Mount_St._Mary%27s_Mountaineers_logo.svg/320px-Mount_St._Mary%27s_Mountaineers_logo.svg.png",NA,"MAAC"
"183","Murray St.","Murray State","#002144","#ECAC00",NA,NA,NA,NA,"https://upload.wikimedia.org/wikipedia/en/thumb/c/c9/Murray_State_Racers_logo.svg/227px-Murray_State_Racers_logo.svg.png",NA,"MVC"
"184","N.C. A&T","NC A&T","#004684","#FDB927",NA,NA,NA,NA,"https://upload.wikimedia.org/wikipedia/commons/thumb/4/42/North_Carolina_A%26T_Aggies_logo.svg/198px-North_Carolina_A%26T_Aggies_logo.svg.png",NA,"CAA"
"185","N.C. Central","NC Central","#862633","#898D8D",NA,NA,NA,NA,"https://upload.wikimedia.org/wikipedia/en/1/13/NCCU_Eagles_head_mark_logo.svg",NA,"MEAC"
"186","Navy","Navy","#00205B","#C5B783",NA,NA,NA,NA,"https://upload.wikimedia.org/wikipedia/commons/thumb/a/a5/Navy_Athletics_logo.svg/195px-Navy_Athletics_logo.svg.png",NA,"Patriot"
"187","NC State","NC State","#CC0000","#000000","#FFFFFF",NA,NA,NA,"https://upload.wikimedia.org/wikipedia/commons/thumb/e/e1/North_Carolina_State_University_Athletic_logo.svg/202px-North_Carolina_State_University_Athletic_logo.svg.png",NA,"ACC"
"188","Nebraska","Nebraska","#E41C38","#5F6A72","#000000",NA,NA,NA,"https://upload.wikimedia.org/wikipedia/commons/thumb/e/e5/Nebraska_Cornhuskers_logo.svg/240px-Nebraska_Cornhuskers_logo.svg.png",NA,"Big 10"
"189","Nevada","Nevada","#003366","#807F84",NA,NA,NA,NA,"https://upload.wikimedia.org/wikipedia/en/thumb/2/21/Nevada_Wolf_Pack_logo.svg/320px-Nevada_Wolf_Pack_logo.svg.png",NA,"MWC"
"190","New Hampshire","UNH","#041E42","#BBBCBC",NA,NA,NA,NA,"https://upload.wikimedia.org/wikipedia/en/thumb/6/62/New_Hampshire_Wildcats_logo.svg/284px-New_Hampshire_Wildcats_logo.svg.png",NA,"Am. East"
"191","New Mexico","New Mexico","#BA0C2F","#A7A8AA","#63666A","#007A86","#000000",NA,"https://upload.wikimedia.org/wikipedia/en/thumb/4/45/New_Mexico_Lobos_logo.svg/195px-New_Mexico_Lobos_logo.svg.png",NA,"MWC"
"192","New Mexico St.","New Mexico St","#861F41","#97999B","#000000",NA,NA,NA,"https://upload.wikimedia.org/wikipedia/en/thumb/c/c8/New_Mexico_State_Aggies_logo.svg/320px-New_Mexico_State_Aggies_logo.svg.png",NA,"WAC"
"193","New Orleans","New Orleans","#005CA6","#A3A9AD",NA,NA,NA,NA,"https://upload.wikimedia.org/wikipedia/en/thumb/2/27/New_Orleans_Privateers_logo.svg/278px-New_Orleans_Privateers_logo.svg.png",NA,"Southland"
"194","Niagara","Niagara","#582C83","#FFFFFF",NA,NA,NA,NA,"https://upload.wikimedia.org/wikipedia/en/thumb/4/44/Niagara_Purple_Eagles.svg/320px-Niagara_Purple_Eagles.svg.png",NA,"MAAC"
"195","Nicholls","Nicholls","#C41230","#B2B2B2",NA,NA,NA,NA,"https://upload.wikimedia.org/wikipedia/en/thumb/b/bb/Nicholls_State_Colonels_logo.svg/320px-Nicholls_State_Colonels_logo.svg.png",NA,"Southland"
"196","NJIT","NJIT","#D22630","#071D49","#C1C6C8",NA,NA,NA,"https://upload.wikimedia.org/wikipedia/en/thumb/3/30/NJIT_Highlanders_logo.svg/274px-NJIT_Highlanders_logo.svg.png",NA,"Am. East"
"197","Norfolk St.","Norfolk State","#007A53","#F2A900",NA,NA,NA,NA,"https://upload.wikimedia.org/wikipedia/en/thumb/7/78/Norfork_State_Spartans_logo.svg/240px-Norfork_State_Spartans_logo.svg.png",NA,"MEAC"
"198","North Ala.","North Alabama","#46166B","#DB9F11","#5F6062",NA,NA,NA,"https://upload.wikimedia.org/wikipedia/en/thumb/e/e3/North_Alabama_Lions_logo.svg/320px-North_Alabama_Lions_logo.svg.png",NA,"A-Sun"
"199","North Carolina","UNC","#7BAFD4","#FFFFFF","#13294B","#000000","#8D9092","#A2AAAD","https://upload.wikimedia.org/wikipedia/commons/thumb/d/d7/North_Carolina_Tar_Heels_logo.svg/304px-North_Carolina_Tar_Heels_logo.svg.png",NA,"ACC"
"200","North Dakota","North Dakota","#009A44","#FFFFFF",NA,NA,NA,NA,"https://upload.wikimedia.org/wikipedia/en/thumb/9/92/North_Dakota_Fighting_Hawks_logo.svg/320px-North_Dakota_Fighting_Hawks_logo.svg.png",NA,"Summit"
"201","North Dakota St.","North Dakota St","#0A5640","#FFC72A",NA,NA,NA,NA,"https://upload.wikimedia.org/wikipedia/en/thumb/7/74/North_Dakota_State_Bison_logo.svg/320px-North_Dakota_State_Bison_logo.svg.png",NA,"Summit"
"202","North Florida","North Florida","#00246B","#D9D9D9",NA,NA,NA,NA,"https://upload.wikimedia.org/wikipedia/en/thumb/a/ac/North_Florida_Ospreys_logo.svg/320px-North_Florida_Ospreys_logo.svg.png",NA,"A-Sun"
"203","North Texas","North Texas","#00853E","#000000",NA,NA,NA,NA,"https://upload.wikimedia.org/wikipedia/en/thumb/a/a2/North_Texas_Mean_Green_logo.svg/215px-North_Texas_Mean_Green_logo.svg.png",NA,"C-USA"
"204","Northeastern","Northeastern","#E50000","#000000",NA,NA,NA,NA,"https://upload.wikimedia.org/wikipedia/en/thumb/4/4d/Northeastern_Huskies_primary_logo.svg/245px-Northeastern_Huskies_primary_logo.svg.png",NA,"CAA"
"205","Northern Ariz.","N Arizona","#FFD200","#FBB040",NA,NA,NA,NA,"https://upload.wikimedia.org/wikipedia/commons/thumb/4/4f/Northern_Arizona_Athletics_logo.svg/320px-Northern_Arizona_Athletics_logo.svg.png",NA,"Big Sky"
"206","Northern Colo.","N Colorado","#F6B000","#F6B000",NA,NA,NA,NA,"https://upload.wikimedia.org/wikipedia/en/thumb/f/f9/Northern_Colorado_Bears_logo.svg/239px-Northern_Colorado_Bears_logo.svg.png",NA,"Big Sky"
"207","NIU","N Illinois","#BA0C2F","#8A8D8F","#000000",NA,NA,NA,"https://upload.wikimedia.org/wikipedia/en/thumb/8/87/Northern_Illinois_Huskies_logo.svg/246px-Northern_Illinois_Huskies_logo.svg.png",NA,"MAC"
"208","Northern Ky.","N Kentucky","#FFC72C","#000000",NA,NA,NA,NA,"https://upload.wikimedia.org/wikipedia/en/thumb/4/45/Northern_Kentucky_Norse_logo.svg/320px-Northern_Kentucky_Norse_logo.svg.png",NA,"Horizon"
"209","Northwestern","Northwestern","#4E2A84","#FFFFFF",NA,NA,NA,NA,"https://upload.wikimedia.org/wikipedia/commons/thumb/7/7c/Northwestern_Wildcats_logo.svg/156px-Northwestern_Wildcats_logo.svg.png",NA,"Big 10"
"210","Northwestern St.","Northwestern St","#492F92","#F78426",NA,NA,NA,NA,"https://upload.wikimedia.org/wikipedia/commons/thumb/0/0f/Northwestern_State_Demons_wordmark.svg/320px-Northwestern_State_Demons_wordmark.svg.png",NA,"Southland"
"211","Notre Dame","Notre Dame","#0C2340","#C99700","#AE9142","#00843D",NA,NA,"https://upload.wikimedia.org/wikipedia/commons/thumb/f/f5/Notre_Dame_Fighting_Irish_logo.svg/267px-Notre_Dame_Fighting_Irish_logo.svg.png",NA,"ACC"
"212","Oakland","Oakland","#B59A57","#000000",NA,NA,NA,NA,"https://upload.wikimedia.org/wikipedia/en/thumb/8/86/Oakland_Golden_Grizzlies_logo.svg/303px-Oakland_Golden_Grizzlies_logo.svg.png",NA,"Horizon"
"213","Ohio","Ohio","#00694E","#CDA077",NA,NA,NA,NA,"https://a.espncdn.com/combiner/i?img=/i/teamlogos/ncaa/500/195.png&h=300&w=300",NA,"MAC"
"214","Ohio St.","Ohio State","#BB0000","#666666",NA,NA,NA,NA,"https://upload.wikimedia.org/wikipedia/commons/thumb/c/c1/Ohio_State_Buckeyes_logo.svg/244px-Ohio_State_Buckeyes_logo.svg.png",NA,"Big 10"
"215","Oklahoma","Oklahoma","#841617","#FDF9D8",NA,NA,NA,NA,"https://upload.wikimedia.org/wikipedia/commons/thumb/6/61/Oklahoma_Sooners_logo.svg/186px-Oklahoma_Sooners_logo.svg.png",NA,"Big 12"
"216","Oklahoma St.","Oklahoma State","#FF7300","#000000","#FF9900","#BEBEBE",NA,NA,"https://upload.wikimedia.org/wikipedia/commons/thumb/0/01/Oklahoma_State_University_system_logo.svg/320px-Oklahoma_State_University_system_logo.svg.png",NA,"Big 12"
"217","Old Dominion","Old Dominion","#003057","#92C1E9",NA,NA,NA,NA,"https://upload.wikimedia.org/wikipedia/en/thumb/b/b4/Old_Dominion_Athletics_logo.svg/284px-Old_Dominion_Athletics_logo.svg.png",NA,"Sunbelt"
"218","Ole Miss","Ole Miss","#CE1126","#14213D","#FFFFFF",NA,NA,NA,"https://upload.wikimedia.org/wikipedia/commons/thumb/b/bf/Ole_Miss_Rebels_logo.svg/320px-Ole_Miss_Rebels_logo.svg.png",NA,"SEC"
"219","Omaha","Omaha","#000000","#D71920","#636568",NA,NA,NA,"https://upload.wikimedia.org/wikipedia/commons/thumb/7/73/Omaha_Mavericks_logo.svg/246px-Omaha_Mavericks_logo.svg.png",NA,"Summit"
"220","Oral Roberts","Oral Roberts","#002F60","#C5B783","#A28E2A",NA,NA,NA,"https://upload.wikimedia.org/wikipedia/en/thumb/d/d8/Oral_Roberts_Golden_Eagles_logo.svg/320px-Oral_Roberts_Golden_Eagles_logo.svg.png",NA,"Summit"
"221","Oregon","Oregon","#154733","#FEE123",NA,NA,NA,NA,"https://upload.wikimedia.org/wikipedia/commons/thumb/f/f8/Oregon_Ducks_logo.svg/290px-Oregon_Ducks_logo.svg.png",NA,"Pac 12"
"222","Oregon St.","Oregon State","#DC4405","#000000","#FFFFFF",NA,NA,NA,"https://upload.wikimedia.org/wikipedia/en/thumb/1/1b/Oregon_State_Beavers_logo.svg/320px-Oregon_State_Beavers_logo.svg.png",NA,"Pac 12"
"223","Pacific","Pacific","#E35205","#231F20","#D86018","#949A90",NA,NA,"https://upload.wikimedia.org/wikipedia/en/thumb/5/5e/Pacific_Tigers_logo.svg/320px-Pacific_Tigers_logo.svg.png",NA,"WCC"
"224","Penn","Penn","#990000","#011F5B",NA,NA,NA,NA,"https://upload.wikimedia.org/wikipedia/commons/thumb/c/c7/Penn_Quakers_logo.svg/197px-Penn_Quakers_logo.svg.png",NA,"Ivy"
"225","Penn St.","Penn State","#093162","#FFFFFF",NA,NA,NA,NA,"https://upload.wikimedia.org/wikipedia/en/thumb/3/3a/Penn_State_Nittany_Lions_logo.svg/320px-Penn_State_Nittany_Lions_logo.svg.png",NA,"Big 10"
"226","Pepperdine","Pepperdine","#00205C","#EE7624",NA,NA,NA,NA,"https://upload.wikimedia.org/wikipedia/commons/thumb/f/f2/Pepperdine_Waves_logo.svg/226px-Pepperdine_Waves_logo.svg.png",NA,"WCC"
"227","Pittsburgh","Pitt","#1C2957","#CDB87D",NA,NA,NA,NA,"https://upload.wikimedia.org/wikipedia/commons/thumb/4/44/Pitt_Panthers_wordmark.svg/320px-Pitt_Panthers_wordmark.svg.png",NA,"ACC"
"228","Portland","Portland","#1E1656","#5E6A71",NA,NA,NA,NA,"https://upload.wikimedia.org/wikipedia/commons/thumb/3/3f/Portland_Pilots_logo.svg/213px-Portland_Pilots_logo.svg.png",NA,"WCC"
"229","Portland St.","Portland State","#154734","#FFFFFF","#373A36","#2C2A29",NA,NA,"https://upload.wikimedia.org/wikipedia/commons/thumb/4/48/Portland_State_Vikings_logo.svg/186px-Portland_State_Vikings_logo.svg.png",NA,"Big Sky"
"230","Prairie View","PV A&M","#330066","#FFCC33",NA,NA,NA,NA,"https://upload.wikimedia.org/wikipedia/en/thumb/0/05/Prairie_View_A%26M_Panthers_logo.svg/320px-Prairie_View_A%26M_Panthers_logo.svg.png",NA,"SWAC"
"231","Presbyterian","Presbyterian","#0060A9","#9D2235",NA,NA,NA,NA,"https://upload.wikimedia.org/wikipedia/commons/thumb/9/93/Presbyterian_College_logo.svg/237px-Presbyterian_College_logo.svg.png",NA,"Big South"
"232","Princeton","Princeton","#FF671F","#000000",NA,NA,NA,NA,"https://upload.wikimedia.org/wikipedia/commons/thumb/e/e0/Princeton_Tigers_logo.svg/210px-Princeton_Tigers_logo.svg.png",NA,"Ivy"
"233","Providence","Providence","#000000","#8A8D8F","#FFFFFF",NA,NA,NA,"https://upload.wikimedia.org/wikipedia/commons/5/5f/Providence_Friars_P_script_logo.gif",NA,"Big East"
"234","Purdue","Purdue","#CEB888","#000000","#9D968D","#373A36",NA,NA,"https://upload.wikimedia.org/wikipedia/commons/thumb/3/35/Purdue_Boilermakers_logo.svg/320px-Purdue_Boilermakers_logo.svg.png",NA,"Big 10"
"235","Purdue Fort Wayne","Fort Wayne","#002F6C","#000000","#63666A","#97999B","#BBBCBC",NA,"https://upload.wikimedia.org/wikipedia/en/thumb/1/14/Purdue_Fort_Wayne_Mastodons_logo.svg/202px-Purdue_Fort_Wayne_Mastodons_logo.svg.png",NA,"Horizon"
"236","Quinnipiac","Quinnipiac","#0A2240","#FFB819",NA,NA,NA,NA,"https://upload.wikimedia.org/wikipedia/en/2/2c/Quinnipiac_Bobcats_logo.svg",NA,"MAAC"
"237","Radford","Radford","#C2011B","#808285",NA,NA,NA,NA,"https://upload.wikimedia.org/wikipedia/commons/thumb/a/ab/Radford_Highlanders_logo.svg/284px-Radford_Highlanders_logo.svg.png",NA,"Big South"
"238","Rhode Island","URI","#68ABE8","#002147",NA,NA,NA,NA,"https://upload.wikimedia.org/wikipedia/commons/thumb/8/80/Rhode_Island_Rams_logo.svg/187px-Rhode_Island_Rams_logo.svg.png",NA,"A-10"
"239","Rice","Rice","#00205B","#C1C6C8",NA,NA,NA,NA,"https://upload.wikimedia.org/wikipedia/commons/thumb/b/bc/Rice_Owls_logo.svg/200px-Rice_Owls_logo.svg.png",NA,"C-USA"
"240","Richmond","Richmond","#000066","#990000",NA,NA,NA,NA,"https://upload.wikimedia.org/wikipedia/en/thumb/c/c3/Richmond_Spiders_logo.svg/175px-Richmond_Spiders_logo.svg.png",NA,"A-10"
"241","Rider","Rider","#981E32","#6C6F70",NA,NA,NA,NA,"https://upload.wikimedia.org/wikipedia/en/thumb/6/62/Rider_Broncs.svg/320px-Rider_Broncs.svg.png",NA,"MAAC"
"242","Robert Morris","Robert Morris","#14234B","#A6192E",NA,NA,NA,NA,"https://upload.wikimedia.org/wikipedia/en/thumb/a/af/Robert_Morris_Colonials_logo.svg/208px-Robert_Morris_Colonials_logo.svg.png",NA,"Horizon"
"243","Rutgers","Rutgers","#CC0033","#5F6A72","#000000",NA,NA,NA,"https://upload.wikimedia.org/wikipedia/commons/thumb/b/b6/Rutgers_Scarlet_Knights_logo.svg/270px-Rutgers_Scarlet_Knights_logo.svg.png",NA,"Big 10"
"244","Sacramento St.","Sacramento St","#043927","#C4B581",NA,NA,NA,NA,"https://upload.wikimedia.org/wikipedia/commons/6/61/Sacramento_State_Hornets_logo.svg",NA,"Big Sky"
"245","Sacred Heart","Sacred Heart","#CD1041","#FFFFFF",NA,NA,NA,NA,"https://upload.wikimedia.org/wikipedia/commons/thumb/c/c4/Sacred_Heart_Pioneers_logo.svg/320px-Sacred_Heart_Pioneers_logo.svg.png",NA,"NEC"
"246","Saint Francis (PA)","St Francis (PA)","#BD1F25","#FFFFFF",NA,NA,NA,NA,"https://upload.wikimedia.org/wikipedia/commons/thumb/1/10/Saint_Francis_Red_Flash_logo.svg/320px-Saint_Francis_Red_Flash_logo.svg.png",NA,"NEC"
"247","Saint Joseph's","Saint Joe's","#9E1B32","#6C6F70",NA,NA,NA,NA,"https://upload.wikimedia.org/wikipedia/en/thumb/7/76/Saint_Joseph%27s_Hawks_logo.svg/320px-Saint_Joseph%27s_Hawks_logo.svg.png",NA,"A-10"
"248","Saint Louis","Saint Louis","#003DA5","#C8C9C7",NA,NA,NA,NA,"https://upload.wikimedia.org/wikipedia/en/thumb/0/03/Saint_Louis_Billikens_logo.svg/249px-Saint_Louis_Billikens_logo.svg.png",NA,"A-10"
"249","Saint Mary's (CA)","Saint Mary's","#D80024","#06315B",NA,NA,NA,NA,"https://upload.wikimedia.org/wikipedia/commons/thumb/7/7c/Saint_Mary%27s_College_Gaels_logo.svg/300px-Saint_Mary%27s_College_Gaels_logo.svg.png",NA,"WCC"
"250","Saint Peter's","St Peter's","#003C71","#0072CE","#A59C94","#000000",NA,NA,"https://upload.wikimedia.org/wikipedia/en/9/97/Saint_Peter%27s_Peacocks_logo.svg",NA,"MAAC"
"251","Sam Houston","Sam Houston","#F78E1E","#004990",NA,NA,NA,NA,"https://upload.wikimedia.org/wikipedia/en/d/de/SHSU_athletics_logo.svg",NA,"WAC"
"252","Samford","Samford","#C4161D","#002649",NA,NA,NA,NA,"https://upload.wikimedia.org/wikipedia/en/thumb/b/b9/Samford_Bulldogs_logo.svg/320px-Samford_Bulldogs_logo.svg.png",NA,"Southern"
"253","San Diego","San Diego","#002868","#84BCE8","#207BC1",NA,NA,NA,"https://upload.wikimedia.org/wikipedia/commons/7/7e/San_Diego_Toreros_logo.svg",NA,"WCC"
"254","San Diego St.","San Diego State","#A6192E","#000000","#FFFFFF",NA,NA,NA,"https://upload.wikimedia.org/wikipedia/commons/thumb/7/7c/San_Diego_State_Aztecs_logo.svg/320px-San_Diego_State_Aztecs_logo.svg.png",NA,"MWC"
"255","San Francisco","San Francisco","#FDBB30","#00543C","#919194",NA,NA,NA,"https://upload.wikimedia.org/wikipedia/commons/thumb/a/af/San_Francisco_Dons_logo.svg/200px-San_Francisco_Dons_logo.svg.png",NA,"WCC"
"256","San Jose St.","San Jose State","#0055A2","#E5A823","#939597",NA,NA,NA,"https://upload.wikimedia.org/wikipedia/en/thumb/e/ec/San_Jose_State_Spartans_logo.svg/233px-San_Jose_State_Spartans_logo.svg.png",NA,"MWC"
"257","Santa Clara","Santa Clara","#862633","#FFFFFF",NA,NA,NA,NA,"https://upload.wikimedia.org/wikipedia/commons/thumb/0/05/Santa_Clara_Broncos_logo.svg/185px-Santa_Clara_Broncos_logo.svg.png",NA,"WCC"
"258","Seattle U","Seattle","#AA0000","#333333",NA,NA,NA,NA,"https://upload.wikimedia.org/wikipedia/commons/thumb/2/24/Seattle_Redhawks_logo.svg/214px-Seattle_Redhawks_logo.svg.png",NA,"WAC"
"259","Seton Hall","Seton Hall","#004488","#A2AAAD",NA,NA,NA,NA,"https://upload.wikimedia.org/wikipedia/en/thumb/e/e1/Seton_Hall_Pirates_logo.svg/236px-Seton_Hall_Pirates_logo.svg.png",NA,"Big East"
"260","SFA","SF Austin","#3F2A55","#FFFFFF",NA,NA,NA,NA,"https://upload.wikimedia.org/wikipedia/commons/thumb/a/a6/Stephen_F._Austin_Athletics_wordmark.svg/240px-Stephen_F._Austin_Athletics_wordmark.svg.png",NA,"WAC"
"261","Siena","Siena","#FFC72C","#C8102E","#006747","#693F23",NA,NA,"https://upload.wikimedia.org/wikipedia/commons/d/d0/Siena_Saints_wordmark.png",NA,"MAAC"
"262","SIUE","SIUE","#CC0000","#FFFFFF",NA,NA,NA,NA,"https://upload.wikimedia.org/wikipedia/commons/thumb/5/51/SIUE_Cougars_logo.svg/400px-SIUE_Cougars_logo.svg.png",NA,"OVC"
"263","SMU","SMU","#CC0035","#354CA1",NA,NA,NA,NA,"https://upload.wikimedia.org/wikipedia/commons/thumb/3/33/SMU_Mustang_logo.svg/320px-SMU_Mustang_logo.svg.png",NA,"AAC"
"264","South Alabama","South Alabama","#00205B","#BF0D3E",NA,NA,NA,NA,"https://giving.usajaguars.com/image/USA-00001_PrimaryMaster2c.png",NA,"Sunbelt"
"265","South Carolina","South Carolina","#73000A","#000000",NA,NA,NA,NA,"https://upload.wikimedia.org/wikipedia/commons/thumb/9/94/South_Carolina_Gamecocks_logo.svg/219px-South_Carolina_Gamecocks_logo.svg.png",NA,"SEC"
"266","South Carolina St.","S Carolina St","#841A2B","#1E4692",NA,NA,NA,NA,"https://upload.wikimedia.org/wikipedia/en/thumb/a/ac/South_Carolina_State_Bulldogs_logo.svg/197px-South_Carolina_State_Bulldogs_logo.svg.png",NA,"MEAC"
"267","South Dakota","South Dakota","#AD0000","#B4B4B4","#000000",NA,NA,NA,"https://upload.wikimedia.org/wikipedia/en/thumb/a/ae/South_Dakota_Coyotes_logo.svg/189px-South_Dakota_Coyotes_logo.svg.png",NA,"Summit"
"268","South Dakota St.","South Dakota St","#0033A0","#FFD100",NA,NA,NA,NA,"https://upload.wikimedia.org/wikipedia/en/thumb/2/25/South_Dakota_State_Jackrabbits_logo.svg/315px-South_Dakota_State_Jackrabbits_logo.svg.png",NA,"Summit"
"269","South Fla.","USF","#006747","#CFC493",NA,NA,NA,NA,"https://upload.wikimedia.org/wikipedia/en/thumb/c/c1/South_Florida_Bulls_logo.svg/300px-South_Florida_Bulls_logo.svg.png",NA,"AAC"
"270","Southeast Mo. St.","SE Missouri St","#C8102E","#000000",NA,NA,NA,NA,"https://upload.wikimedia.org/wikipedia/commons/3/38/SEMO_Red_Wordmark.png",NA,"OVC"
"271","Southeastern La.","SE Louisiana","#006341","#EAAA00",NA,NA,NA,NA,"https://upload.wikimedia.org/wikipedia/commons/thumb/a/a0/Southeastern_Louisiana_Lions_script.svg/175px-Southeastern_Louisiana_Lions_script.svg.png",NA,"Southland"
"272","Southern California","USC","#FFC72C","#990000","#FFC72C",NA,NA,NA,"https://upload.wikimedia.org/wikipedia/commons/thumb/9/94/USC_Trojans_logo.svg/161px-USC_Trojans_logo.svg.png",NA,"Pac 12"
"273","Southern Ill.","S Illinois","#720000","#000000",NA,NA,NA,NA,"https://upload.wikimedia.org/wikipedia/en/thumb/9/9f/Southern_Illinois_Salukis_logo.svg/320px-Southern_Illinois_Salukis_logo.svg.png",NA,"MVC"
"274","Southern Miss.","Southern Miss","#000000","#FFAB00",NA,NA,NA,NA,"https://upload.wikimedia.org/wikipedia/en/thumb/5/5d/Southern_Miss_Athletics_logo.svg/320px-Southern_Miss_Athletics_logo.svg.png",NA,"Sunbelt"
"275","Southern U.","Southern","#69B3E7","#FFC72C",NA,NA,NA,NA,"https://upload.wikimedia.org/wikipedia/en/thumb/7/76/Southern_Jaguars_logo.svg/273px-Southern_Jaguars_logo.svg.png",NA,"SWAC"
"276","Southern Utah","Southern Utah","#000000","#FFFFFF",NA,NA,NA,NA,"https://upload.wikimedia.org/wikipedia/en/thumb/e/e7/Southern_Utah_Thunderbirds_logo.svg/320px-Southern_Utah_Thunderbirds_logo.svg.png",NA,"WAC"
"277","St. Bonaventure","St Bonaventure","#54261A","#FDB726","#BDB6B0",NA,NA,NA,"https://upload.wikimedia.org/wikipedia/en/thumb/9/9c/St._Bonaventure_Bonnies_logo.svg/320px-St._Bonaventure_Bonnies_logo.svg.png",NA,"A-10"
"278","St. Francis Brooklyn","St Francis (BKN)","#0038A8","#CE1126",NA,NA,NA,NA,"https://upload.wikimedia.org/wikipedia/en/e/e2/St._Francis_Brooklyn_Terriers_logo.svg",NA,"NEC"
"279","St. John's (NY)","St John's","#BA0C2F","#041C2C","#A7A8AA",NA,NA,NA,"https://upload.wikimedia.org/wikipedia/commons/thumb/6/62/St._John%27s_Red_Storm_logo.svg/172px-St._John%27s_Red_Storm_logo.svg.png",NA,"Big East"
"280","St. Thomas (MN)","St. Thomas - Minnesota","purple","white",NA,NA,NA,NA,"https://upload.wikimedia.org/wikipedia/commons/0/08/St_thomas_tommies.jpg",NA,"Summit"
"281","Stanford","Stanford","#8C1515","#FFFFFF","#4D4F53","#2E2D29","#007662",NA,"https://upload.wikimedia.org/wikipedia/commons/thumb/4/4b/Stanford_Cardinal_logo.svg/157px-Stanford_Cardinal_logo.svg.png",NA,"Pac 12"
"282","Stetson","Stetson","#006747","#B58150","#9E652E","#000000",NA,NA,"https://upload.wikimedia.org/wikipedia/en/1/17/Stetson_Hatters_logo_%282018%29.png",NA,"A-Sun"
"283","Stony Brook","Stony Brook","#990000","#16243E","#828282",NA,NA,NA,"https://upload.wikimedia.org/wikipedia/en/thumb/3/35/Stony_Brook_Seawolves_logo.svg/320px-Stony_Brook_Seawolves_logo.svg.png",NA,"CAA"
"284","Syracuse","Syracuse","#D44500","#3E3D3C","#6F777D","#ADB3B8","#3E3D3C","#0D1D37","https://upload.wikimedia.org/wikipedia/commons/thumb/4/49/Syracuse_Orange_logo.svg/177px-Syracuse_Orange_logo.svg.png",NA,"ACC"
"285","Tarleton St.","Tarleton","#4F2D7F","white",NA,NA,NA,NA,"https://upload.wikimedia.org/wikipedia/commons/5/56/Tarleton_State_athletics_logo.svg",NA,"WAC"
"286","TCU","TCU","#4D1979","#A3A9AC","#FFFFFF",NA,NA,NA,"https://upload.wikimedia.org/wikipedia/commons/thumb/1/15/TCU_Horned_Frogs_logo.svg/320px-TCU_Horned_Frogs_logo.svg.png",NA,"Big 12"
"287","Temple","Temple","#9D2235","#FFCD00","#8A8D8F","#C1C6C8","#000000",NA,"https://upload.wikimedia.org/wikipedia/commons/thumb/1/17/Temple_T_logo.svg/212px-Temple_T_logo.svg.png",NA,"AAC"
"288","Tennessee","Tennessee","#FF8200","#58595B","#FFFFFF",NA,NA,NA,"https://upload.wikimedia.org/wikipedia/commons/thumb/e/e3/Tennessee_Volunteers_logo.svg/240px-Tennessee_Volunteers_logo.svg.png",NA,"SEC"
"289","Tennessee St.","Tennessee St","#00539F","#FFFFFF",NA,NA,NA,NA,"https://upload.wikimedia.org/wikipedia/commons/thumb/c/c1/Tennessee_State_Tigers_wordmark.svg/200px-Tennessee_State_Tigers_wordmark.svg.png",NA,"OVC"
"290","Tennessee Tech","Tenn Tech","#4F2984","#FFDD00",NA,NA,NA,NA,"https://upload.wikimedia.org/wikipedia/en/thumb/f/f8/Tennessee_Tech_Golden_Eagles_logo.svg/315px-Tennessee_Tech_Golden_Eagles_logo.svg.png",NA,"OVC"
"291","Texas","Texas","#BF5700","#333F48","#FFFFFF",NA,NA,NA,"https://upload.wikimedia.org/wikipedia/commons/thumb/8/8d/Texas_Longhorns_logo.svg/320px-Texas_Longhorns_logo.svg.png",NA,"Big 12"
"292","Texas A&M","Texas A&M","#500000","#FFFFFF",NA,NA,NA,NA,"https://upload.wikimedia.org/wikipedia/commons/thumb/e/ee/Texas_A%26M_University_logo.svg/292px-Texas_A%26M_University_logo.svg.png",NA,"SEC"
"293","Texas Southern","Texas Southern","#6F263D","#A2AAAD",NA,NA,NA,NA,"https://upload.wikimedia.org/wikipedia/en/thumb/9/9b/Texas_Southern_Tigers_logo.svg/254px-Texas_Southern_Tigers_logo.svg.png",NA,"SWAC"
"294","Texas St.","Texas State","#501214","#8D734A",NA,NA,NA,NA,"https://upload.wikimedia.org/wikipedia/en/thumb/9/97/Texas_State_Bobcats_logo.svg/206px-Texas_State_Bobcats_logo.svg.png",NA,"Sunbelt"
"295","Texas Tech","Texas Tech","#CC0000","#000000","#FFFFFF",NA,NA,NA,"https://upload.wikimedia.org/wikipedia/commons/thumb/4/4e/Texas_Tech_Athletics_logo.svg/207px-Texas_Tech_Athletics_logo.svg.png",NA,"Big 12"
"296","The Citadel","The Citadel","#3975B7","#FFFFFF",NA,NA,NA,NA,"https://upload.wikimedia.org/wikipedia/commons/0/0d/Correct_secondary_logo.png",NA,"Southern"
"297","Toledo","Toledo","#15397F","#005CB9","#FFDA00","#BEC6C3","#A0ACAA","#000000","https://upload.wikimedia.org/wikipedia/en/thumb/f/fa/Toledo_Rockets_logo.svg/320px-Toledo_Rockets_logo.svg.png",NA,"MAC"
"298","Towson","Towson","#000000","#FFCC00",NA,NA,NA,NA,"https://upload.wikimedia.org/wikipedia/en/thumb/7/72/Towson_Tigers_logo.svg/320px-Towson_Tigers_logo.svg.png",NA,"CAA"
"299","Troy","Troy","#6D0017","#B2B3B5","#000000",NA,NA,NA,"https://upload.wikimedia.org/wikipedia/commons/3/34/Troy_Trojans_logo.svg",NA,"Sunbelt"
"300","Tulane","Tulane","#006747","#43B02A","#418FDE","#000000",NA,NA,"https://upload.wikimedia.org/wikipedia/en/thumb/2/28/Tulane_Green_Wave_logo.svg/320px-Tulane_Green_Wave_logo.svg.png",NA,"AAC"
"301","Tulsa","Tulsa","#002D72","#C8102E","#C5B783","#F3D54E","#84754E",NA,"https://upload.wikimedia.org/wikipedia/commons/thumb/c/c4/Tulsa_Golden_Hurricane_logo.svg/319px-Tulsa_Golden_Hurricane_logo.svg.png",NA,"AAC"
"302","UAB","UAB","#006341","#CC8A00","#000000","#BF0D3E",NA,NA,"https://upload.wikimedia.org/wikipedia/en/thumb/f/ff/UAB_Blazers_logo.svg/283px-UAB_Blazers_logo.svg.png",NA,"C-USA"
"303","UC Davis","UC Davis","#002855","#B3A369",NA,NA,NA,NA,"https://upload.wikimedia.org/wikipedia/commons/1/13/UC_Davis_Aggies_logo.svg",NA,"Big West"
"304","UC Irvine","UC Irvine","#0C2340","#FFC72C",NA,NA,NA,NA,"https://upload.wikimedia.org/wikipedia/commons/thumb/b/b6/UC_Irvine_Anteaters_logo.svg/227px-UC_Irvine_Anteaters_logo.svg.png",NA,"Big West"
"305","UC Riverside","UC Riverside","#2D6CC0","#003066","#F1AB00","#7A6E67","#000000",NA,"https://upload.wikimedia.org/wikipedia/commons/thumb/2/21/UC_Riverside_Highlanders_logo.svg/240px-UC_Riverside_Highlanders_logo.svg.png",NA,"Big West"
"306","UC San Diego","UC San Diego","#182B49","#C69214",NA,NA,NA,NA,"https://ucsdtritons.com/images/logos/site/site.png","#006A96","Big West"
"307","UC Santa Barbara","UCSB","#004D9F","#FFB814",NA,NA,NA,NA,"https://upload.wikimedia.org/wikipedia/en/thumb/a/a8/UC_Santa_Barbara_Gauchos_logo.svg/320px-UC_Santa_Barbara_Gauchos_logo.svg.png",NA,"Big West"
"308","UCF","UCF","#000000","#B7A369",NA,NA,NA,NA,"https://upload.wikimedia.org/wikipedia/commons/thumb/f/fd/UCF_Knights_logo.svg/299px-UCF_Knights_logo.svg.png",NA,"AAC"
"309","UCLA","UCLA","#2D68C4","#F2A900","#3284BF","#FFE800",NA,NA,"https://upload.wikimedia.org/wikipedia/commons/thumb/e/ed/UCLA_Bruins_script.svg/320px-UCLA_Bruins_script.svg.png",NA,"Pac 12"
"310","UConn","UConn","#000E2F","#FFFFFF",NA,NA,NA,NA,"https://upload.wikimedia.org/wikipedia/en/thumb/b/b0/Connecticut_Huskies_logo.svg/192px-Connecticut_Huskies_logo.svg.png",NA,"Big East"
"311","UIC","UIC","#AC1E2D","#041E42","#FACC09",NA,NA,NA,"https://upload.wikimedia.org/wikipedia/commons/a/a3/UIC_Flames_wordmark.svg",NA,"MVC"
"312","UIW","Incarnate Word","#CB333B","#000000",NA,NA,NA,NA,"https://upload.wikimedia.org/wikipedia/en/thumb/e/ea/Incarnate_Word_Cardinals_logo.svg/320px-Incarnate_Word_Cardinals_logo.svg.png",NA,"Southland"
"313","ULM","UL Monroe","#800029","#BD955A","#646469","#DAD86D",NA,NA,"https://upload.wikimedia.org/wikipedia/en/thumb/c/c9/Louisiana-Monroe_Warhawks_logo.svg/320px-Louisiana-Monroe_Warhawks_logo.svg.png",NA,"Sunbelt"
"314","UMass Lowell","UMass Lowell","#003DA5","#C8102E",NA,NA,NA,NA,"https://upload.wikimedia.org/wikipedia/en/thumb/4/43/UMass_Lowell_River_Hawks_logo.svg/320px-UMass_Lowell_River_Hawks_logo.svg.png",NA,"Am. East"
"315","UMBC","UMBC","#B18906","#FFC20E","#000000","#ED1C24",NA,NA,"https://upload.wikimedia.org/wikipedia/en/thumb/c/cc/UMBC_Retrievers_logo.svg/259px-UMBC_Retrievers_logo.svg.png",NA,"Am. East"
"316","UMES","MD-E Shore","#822433","#8B8D8E",NA,NA,NA,NA,"https://upload.wikimedia.org/wikipedia/en/thumb/6/65/Maryland_Eastern_Shore_Hawks_logo.svg/320px-Maryland_Eastern_Shore_Hawks_logo.svg.png",NA,"MEAC"
"317","UNC Asheville","UNC Asheville","#003DA5","#FFFFFF",NA,NA,NA,NA,"https://upload.wikimedia.org/wikipedia/en/thumb/9/93/UNC_Asheville_Bulldogs_logo.svg/320px-UNC_Asheville_Bulldogs_logo.svg.png",NA,"Big South"
"318","UNC Greensboro","UNCG","#0F2044","#FFB71B",NA,NA,NA,NA,"https://upload.wikimedia.org/wikipedia/en/thumb/7/70/UNCG_Spartans_logo.svg/309px-UNCG_Spartans_logo.svg.png",NA,"Southern"
"319","UNCW","UNC Wilmington","#006666","#003366","#FFD600",NA,NA,NA,"https://upload.wikimedia.org/wikipedia/en/thumb/6/6f/UNC_Wilmington_Seahawks_logo.svg/211px-UNC_Wilmington_Seahawks_logo.svg.png",NA,"CAA"
"320","UNI","Northern Iowa","#4B116F","#FFCC00",NA,NA,NA,NA,"https://upload.wikimedia.org/wikipedia/en/thumb/8/86/Northern_Iowa_Panters_logo.svg/320px-Northern_Iowa_Panters_logo.svg.png",NA,"MVC"
"321","UNLV","UNLV","#B10202","#666666","#000000",NA,NA,NA,"https://upload.wikimedia.org/wikipedia/commons/thumb/f/f6/UNLV_Rebels_wordmark.svg/320px-UNLV_Rebels_wordmark.svg.png",NA,"MWC"
"322","USC Upstate","USC Upstate","#00703C","#000000",NA,NA,NA,NA,"https://upload.wikimedia.org/wikipedia/commons/thumb/8/8e/USC_Upstate_Spartans_logo.svg/320px-USC_Upstate_Spartans_logo.svg.png",NA,"Big South"
"323","UT Arlington","UT Arlington","#F58025","#0064B1",NA,NA,NA,NA,"https://upload.wikimedia.org/wikipedia/en/thumb/3/35/UT_Arlington_Mavericks_logo.svg/310px-UT_Arlington_Mavericks_logo.svg.png",NA,"WAC"
"324","UT Martin","UT Martin","#002649","#F77F00",NA,NA,NA,NA,"https://upload.wikimedia.org/wikipedia/en/thumb/2/2c/UT_Martin_Skyhawks_logo.svg/299px-UT_Martin_Skyhawks_logo.svg.png",NA,"OVC"
"325","Utah","Utah","#CC0000","#808080","#000000",NA,NA,NA,"https://upload.wikimedia.org/wikipedia/commons/thumb/b/be/Utah_Utes_logo.svg/263px-Utah_Utes_logo.svg.png",NA,"Pac 12"
"326","Utah St.","Utah State","#0F2439","#FFFFFF","#9D968D","#000000",NA,NA,"https://upload.wikimedia.org/wikipedia/commons/thumb/5/59/Utah_State_Aggies_logo.svg/317px-Utah_State_Aggies_logo.svg.png",NA,"MWC"
"327","Utah Valley","Utah Valley","#275D38","#000000","#8E8C89",NA,NA,NA,"https://upload.wikimedia.org/wikipedia/en/thumb/c/c8/Utah_Valley_Wolverines_logo.svg/320px-Utah_Valley_Wolverines_logo.svg.png",NA,"WAC"
"328","UTEP","UTEP","#FF8200","#041E42","#B1B3B3",NA,NA,NA,"https://upload.wikimedia.org/wikipedia/en/thumb/0/06/UTEP_Miners_logo.svg/238px-UTEP_Miners_logo.svg.png",NA,"C-USA"
"329","UTRGV","UT Rio Grande","#FFA300","#F05023","#00843D","#0C2340",NA,NA,"https://upload.wikimedia.org/wikipedia/commons/thumb/d/dc/Texas%E2%80%93Rio_Grande_Valley_Vaqueros_logo.svg/320px-Texas%E2%80%93Rio_Grande_Valley_Vaqueros_logo.svg.png",NA,"WAC"
"330","UTSA","UTSA","#F15A22","#0C2340",NA,NA,NA,NA,"https://upload.wikimedia.org/wikipedia/commons/thumb/8/84/UTSA_Roadrunners_logo.svg/320px-UTSA_Roadrunners_logo.svg.png",NA,"C-USA"
"331","Valparaiso","Valparaiso","#381E0E","#613318","#FFCC00",NA,NA,NA,"https://upload.wikimedia.org/wikipedia/commons/f/fb/Valparaiso_Crusaders_wordmark.svg",NA,"MVC"
"332","Vanderbilt","Vanderbilt","#000000","#866D4B",NA,NA,NA,NA,"https://upload.wikimedia.org/wikipedia/commons/thumb/6/61/Vanderbilt_Commodores_logo.svg/246px-Vanderbilt_Commodores_logo.svg.png",NA,"SEC"
"333","VCU","VCU","#FFB300","#000000",NA,NA,NA,NA,"https://upload.wikimedia.org/wikipedia/commons/thumb/b/bf/VCU_Rams_logo.svg/320px-VCU_Rams_logo.svg.png",NA,"A-10"
"334","Vermont","Vermont","#154734","#8B5B29","#FFC72C","#C6AA76","#FF6A13","#000000","https://upload.wikimedia.org/wikipedia/en/thumb/3/34/Vermont_Catamounts_logo.svg/246px-Vermont_Catamounts_logo.svg.png",NA,"Am. East"
"335","Villanova","Villanova","#00205B","#13B5EA","#8B634B",NA,NA,NA,"https://upload.wikimedia.org/wikipedia/commons/thumb/2/23/Villanova_Wildcats_logo.svg/269px-Villanova_Wildcats_logo.svg.png",NA,"Big East"
"336","Virginia","UVA","#232D4B","#F84C1E","#FFFFFF",NA,NA,NA,"https://upload.wikimedia.org/wikipedia/en/thumb/d/d1/Virginia_Cavaliers_sabre.svg/320px-Virginia_Cavaliers_sabre.svg.png",NA,"ACC"
"337","Virginia Tech","Virginia Tech","#630031","#CF4420",NA,NA,NA,NA,"https://upload.wikimedia.org/wikipedia/commons/thumb/6/60/Virginia_Tech_Hokies_logo.svg/320px-Virginia_Tech_Hokies_logo.svg.png",NA,"ACC"
"338","VMI","VMI","#AE122A","#FFD619",NA,NA,NA,NA,"https://upload.wikimedia.org/wikipedia/commons/thumb/8/86/VMI_Keydets_logo.svg/225px-VMI_Keydets_logo.svg.png",NA,"Southern"
"339","Wagner","Wagner","#004331","#FFFFFF",NA,NA,NA,NA,"https://upload.wikimedia.org/wikipedia/en/thumb/6/63/Wagner_Seahawks_logo.svg/320px-Wagner_Seahawks_logo.svg.png",NA,"NEC"
"340","Wake Forest","Wake Forest","#A67F31","#000000",NA,NA,NA,NA,"https://upload.wikimedia.org/wikipedia/commons/thumb/1/1a/Wake_Forest_University_Athletic_logo.svg/320px-Wake_Forest_University_Athletic_logo.svg.png",NA,"ACC"
"341","Washington","Washington","#4B2E83","#B7A57A","#85754D",NA,NA,NA,"https://upload.wikimedia.org/wikipedia/commons/thumb/1/17/Washington_Huskies_logo.svg/320px-Washington_Huskies_logo.svg.png",NA,"Pac 12"
"342","Washington St.","Washington St","#981E32","#5E6A71",NA,NA,NA,NA,"https://upload.wikimedia.org/wikipedia/en/thumb/0/07/Washington_State_Cougars_logo.svg/252px-Washington_State_Cougars_logo.svg.png",NA,"Pac 12"
"343","Weber St.","Weber State","#A1A1A4","#130C0E",NA,NA,NA,NA,"https://upload.wikimedia.org/wikipedia/en/thumb/f/f2/Weber_State_Wildcats_logo.svg/310px-Weber_State_Wildcats_logo.svg.png",NA,"Big Sky"
"344","West Virginia","West Virginia","#002855","#EAAA00",NA,NA,NA,NA,"https://upload.wikimedia.org/wikipedia/commons/thumb/e/e8/West_Virginia_Mountaineers_logo.svg/233px-West_Virginia_Mountaineers_logo.svg.png",NA,"Big 12"
"345","Western Caro.","W Carolina","#592C88","#B9975B",NA,NA,NA,NA,"https://upload.wikimedia.org/wikipedia/en/thumb/5/50/Western_Carolina_Catamounts_logo.svg/290px-Western_Carolina_Catamounts_logo.svg.png",NA,"Southern"
"346","Western Ill.","W Illinois","#663399","#FFCC00",NA,NA,NA,NA,"https://upload.wikimedia.org/wikipedia/en/thumb/1/16/Western_Illinois_Leathernecks_logo.svg/249px-Western_Illinois_Leathernecks_logo.svg.png",NA,"Summit"
"347","Western Ky.","W Kentucky","#C60C30","#1E1E1E","#A2A4A3",NA,NA,NA,"https://upload.wikimedia.org/wikipedia/en/thumb/1/1d/WKU_Athletics_logo.svg/320px-WKU_Athletics_logo.svg.png",NA,"C-USA"
"348","Western Mich.","W Michigan","#6C4023","#B5A167","#AAA8AA","#000000",NA,NA,"https://upload.wikimedia.org/wikipedia/commons/thumb/b/b0/Western_Michigan_Broncos_%282021%29_logo.svg/150px-Western_Michigan_Broncos_%282021%29_logo.svg.png",NA,"MAC"
"349","Wichita St.","Wichita State","#FFCD00","#000000",NA,NA,NA,NA,"https://upload.wikimedia.org/wikipedia/en/thumb/9/90/Wichita_State_Shockers_logo.svg/288px-Wichita_State_Shockers_logo.svg.png",NA,"AAC"
"350","William & Mary","William & Mary","#115740","#F0B323","#D0D3D4",NA,NA,NA,"https://upload.wikimedia.org/wikipedia/commons/thumb/9/98/William_%26_Mary_Athletics_logo.svg/150px-William_%26_Mary_Athletics_logo.svg.png",NA,"CAA"
"351","Winthrop","Winthrop","#872434","#FFC82E",NA,NA,NA,NA,"https://upload.wikimedia.org/wikipedia/en/thumb/d/df/Winthrop_Eagles_logo.svg/274px-Winthrop_Eagles_logo.svg.png",NA,"Big South"
"352","Wisconsin","Wisconsin","#C5050C","#FFFFFF","#9B0000",NA,NA,NA,"https://upload.wikimedia.org/wikipedia/commons/thumb/e/e5/Wisconsin_Badgers_logo.svg/254px-Wisconsin_Badgers_logo.svg.png",NA,"Big 10"
"353","Wofford","Wofford","#886E4C","#000000",NA,NA,NA,NA,"https://upload.wikimedia.org/wikipedia/en/thumb/5/5b/Wofford_Terriers_logo.svg/217px-Wofford_Terriers_logo.svg.png",NA,"Southern"
"354","Wright St.","Wright State","#026937","#CEA052","#FFE1A5","#DE6328",NA,NA,"https://upload.wikimedia.org/wikipedia/en/thumb/c/c2/Wright_State_Raiders_logo.svg/313px-Wright_State_Raiders_logo.svg.png",NA,"Horizon"
"355","Wyoming","Wyoming","#FFC425","#492F24",NA,NA,NA,NA,"https://upload.wikimedia.org/wikipedia/commons/thumb/9/91/Wyoming_Athletics_logo.svg/138px-Wyoming_Athletics_logo.svg.png",NA,"MWC"
"356","Xavier","Xavier","#0C2340","#9EA2A2","#0099CC",NA,NA,NA,"https://upload.wikimedia.org/wikipedia/commons/thumb/d/db/Xavier_Musketeers_logo.svg/301px-Xavier_Musketeers_logo.svg.png",NA,"Big East"
"357","Yale","Yale","#00356B","#FFFFFF",NA,NA,NA,NA,"https://upload.wikimedia.org/wikipedia/commons/thumb/2/2b/Yale_Bulldogs_script.svg/1024px-Yale_Bulldogs_script.svg.png",NA,"Ivy"
"358","Youngstown St.","Youngstown St","#C8102E","#F3D54E",NA,NA,NA,NA,"https://upload.wikimedia.org/wikipedia/commons/thumb/8/84/Youngstown_State_Penguins_logo.svg/320px-Youngstown_State_Penguins_logo.svg.png",NA,"Horizon"
"359","Queens (NC)","Queens University","#192C66","white",NA,NA,NA,NA,"https://upload.wikimedia.org/wikipedia/en/thumb/e/e0/Queens_Royals_primary_logo.svg/250px-Queens_Royals_primary_logo.svg.png",NA,"A-Sun"
"360","Lindenwood","Lindenwood","#101820","#B5A36A",NA,NA,NA,NA,"https://upload.wikimedia.org/wikipedia/commons/thumb/8/8f/Lindenwood_Athletics_wordmark.svg/250px-Lindenwood_Athletics_wordmark.svg.png",NA,"OVC"
"361","Tex. A&M-Commerce","Texas A&M-Commerce","navy","gold",NA,NA,NA,NA,"https://upload.wikimedia.org/wikipedia/en/thumb/f/f8/Texas_A%26M%E2%80%93Commerce_Lions_logo.svg/200px-Texas_A%26M%E2%80%93Commerce_Lions_logo.svg.png",NA,"Southland"
"362","Southern Ind.","Southern Indiana","#CF102D","#002D5D",NA,NA,NA,NA,"https://sports.cbsimg.net/fly/images/ncaa/logos/team/light/161012.svg",NA,"OVC"
"363","Stonehill","Stonehill","purple","black",NA,NA,NA,NA,"https://upload.wikimedia.org/wikipedia/commons/thumb/e/ed/Stonehill_Skyhawks_logo.svg/1200px-Stonehill_Skyhawks_logo.svg.png",NA,"NEC"
